Borough,Area Code,Year,Age,Population,Share of borough population %
Barking and Dagenham,E09000002,2025,0,3573.0,1.505
Barking and Dagenham,E09000002,2025,1,3646.0,1.5357
Barking and Dagenham,E09000002,2025,2,3591.0,1.5126
Barking and Dagenham,E09000002,2025,3,3733.0,1.5724
Barking and Dagenham,E09000002,2025,4,3428.0,1.4439
Barking and Dagenham,E09000002,2025,5,3697.0,1.5572
Barking and Dagenham,E09000002,2025,6,3563.0,1.5008
Barking and Dagenham,E09000002,2025,7,3628.0,1.5281
Barking and Dagenham,E09000002,2025,8,3680.0,1.55
Barking and Dagenham,E09000002,2025,9,3687.0,1.553
Barking and Dagenham,E09000002,2025,10,3583.0,1.5092
Barking and Dagenham,E09000002,2025,11,3440.0,1.449
Barking and Dagenham,E09000002,2025,12,3675.0,1.5479
Barking and Dagenham,E09000002,2025,13,3647.0,1.5361
Barking and Dagenham,E09000002,2025,14,3694.0,1.5559
Barking and Dagenham,E09000002,2025,15,3566.0,1.502
Barking and Dagenham,E09000002,2025,16,3837.0,1.6162
Barking and Dagenham,E09000002,2025,17,3694.0,1.5559
Barking and Dagenham,E09000002,2025,18,3595.0,1.5142
Barking and Dagenham,E09000002,2025,19,2849.0,1.2
Barking and Dagenham,E09000002,2025,20,2743.0,1.1554
Barking and Dagenham,E09000002,2025,21,2789.0,1.1747
Barking and Dagenham,E09000002,2025,22,3206.0,1.3504
Barking and Dagenham,E09000002,2025,23,3503.0,1.4755
Barking and Dagenham,E09000002,2025,24,3657.0,1.5404
Barking and Dagenham,E09000002,2025,25,3755.0,1.5816
Barking and Dagenham,E09000002,2025,26,3789.0,1.596
Barking and Dagenham,E09000002,2025,27,4022.0,1.6941
Barking and Dagenham,E09000002,2025,28,4023.0,1.6945
Barking and Dagenham,E09000002,2025,29,3850.0,1.6216
Barking and Dagenham,E09000002,2025,30,3745.0,1.5774
Barking and Dagenham,E09000002,2025,31,3907.0,1.6457
Barking and Dagenham,E09000002,2025,32,3724.0,1.5686
Barking and Dagenham,E09000002,2025,33,3619.0,1.5243
Barking and Dagenham,E09000002,2025,34,3755.0,1.5816
Barking and Dagenham,E09000002,2025,35,3921.0,1.6516
Barking and Dagenham,E09000002,2025,36,4041.0,1.7021
Barking and Dagenham,E09000002,2025,37,3951.0,1.6642
Barking and Dagenham,E09000002,2025,38,3871.0,1.6305
Barking and Dagenham,E09000002,2025,39,4015.0,1.6911
Barking and Dagenham,E09000002,2025,40,3749.0,1.5791
Barking and Dagenham,E09000002,2025,41,3818.0,1.6082
Barking and Dagenham,E09000002,2025,42,3672.0,1.5467
Barking and Dagenham,E09000002,2025,43,3837.0,1.6162
Barking and Dagenham,E09000002,2025,44,3728.0,1.5703
Barking and Dagenham,E09000002,2025,45,3576.0,1.5062
Barking and Dagenham,E09000002,2025,46,3463.0,1.4586
Barking and Dagenham,E09000002,2025,47,3209.0,1.3517
Barking and Dagenham,E09000002,2025,48,3066.0,1.2914
Barking and Dagenham,E09000002,2025,49,3116.0,1.3125
Barking and Dagenham,E09000002,2025,50,3032.0,1.2771
Barking and Dagenham,E09000002,2025,51,2890.0,1.2173
Barking and Dagenham,E09000002,2025,52,2833.0,1.1933
Barking and Dagenham,E09000002,2025,53,2798.0,1.1785
Barking and Dagenham,E09000002,2025,54,2756.0,1.1608
Barking and Dagenham,E09000002,2025,55,2797.0,1.1781
Barking and Dagenham,E09000002,2025,56,2605.0,1.0972
Barking and Dagenham,E09000002,2025,57,2686.0,1.1314
Barking and Dagenham,E09000002,2025,58,2384.0,1.0042
Barking and Dagenham,E09000002,2025,59,2256.0,0.9502
Barking and Dagenham,E09000002,2025,60,2235.0,0.9414
Barking and Dagenham,E09000002,2025,61,2004.0,0.8441
Barking and Dagenham,E09000002,2025,62,1994.0,0.8399
Barking and Dagenham,E09000002,2025,63,1851.0,0.7797
Barking and Dagenham,E09000002,2025,64,1728.0,0.7278
Barking and Dagenham,E09000002,2025,65,1626.0,0.6849
Barking and Dagenham,E09000002,2025,66,1568.0,0.6605
Barking and Dagenham,E09000002,2025,67,1344.0,0.5661
Barking and Dagenham,E09000002,2025,68,1312.0,0.5526
Barking and Dagenham,E09000002,2025,69,1257.0,0.5295
Barking and Dagenham,E09000002,2025,70,1108.0,0.4667
Barking and Dagenham,E09000002,2025,71,1084.0,0.4566
Barking and Dagenham,E09000002,2025,72,940.0,0.3959
Barking and Dagenham,E09000002,2025,73,856.0,0.3606
Barking and Dagenham,E09000002,2025,74,857.0,0.361
Barking and Dagenham,E09000002,2025,75,798.0,0.3361
Barking and Dagenham,E09000002,2025,76,776.0,0.3269
Barking and Dagenham,E09000002,2025,77,801.0,0.3374
Barking and Dagenham,E09000002,2025,78,795.0,0.3349
Barking and Dagenham,E09000002,2025,79,626.0,0.2637
Barking and Dagenham,E09000002,2025,80,531.0,0.2237
Barking and Dagenham,E09000002,2025,81,483.0,0.2034
Barking and Dagenham,E09000002,2025,82,468.0,0.1971
Barking and Dagenham,E09000002,2025,83,406.0,0.171
Barking and Dagenham,E09000002,2025,84,369.0,0.1554
Barking and Dagenham,E09000002,2025,85,413.0,0.174
Barking and Dagenham,E09000002,2025,86,343.0,0.1445
Barking and Dagenham,E09000002,2025,87,350.0,0.1474
Barking and Dagenham,E09000002,2025,88,293.0,0.1234
Barking and Dagenham,E09000002,2025,89,234.0,0.0986
Barking and Dagenham,E09000002,2025,90,0,0.0
Barnet,E09000003,2025,0,4557.0,1.1278
Barnet,E09000003,2025,1,4657.0,1.1525
Barnet,E09000003,2025,2,4805.0,1.1891
Barnet,E09000003,2025,3,4882.0,1.2082
Barnet,E09000003,2025,4,4794.0,1.1864
Barnet,E09000003,2025,5,4854.0,1.2013
Barnet,E09000003,2025,6,4877.0,1.207
Barnet,E09000003,2025,7,5024.0,1.2433
Barnet,E09000003,2025,8,5101.0,1.2624
Barnet,E09000003,2025,9,5198.0,1.2864
Barnet,E09000003,2025,10,5117.0,1.2663
Barnet,E09000003,2025,11,5318.0,1.3161
Barnet,E09000003,2025,12,5432.0,1.3443
Barnet,E09000003,2025,13,5399.0,1.3361
Barnet,E09000003,2025,14,5402.0,1.3369
Barnet,E09000003,2025,15,5243.0,1.2975
Barnet,E09000003,2025,16,5312.0,1.3146
Barnet,E09000003,2025,17,5148.0,1.274
Barnet,E09000003,2025,18,4553.0,1.1268
Barnet,E09000003,2025,19,3286.0,0.8132
Barnet,E09000003,2025,20,2968.0,0.7345
Barnet,E09000003,2025,21,3581.0,0.8862
Barnet,E09000003,2025,22,4427.0,1.0956
Barnet,E09000003,2025,23,5249.0,1.299
Barnet,E09000003,2025,24,5540.0,1.371
Barnet,E09000003,2025,25,6094.0,1.5081
Barnet,E09000003,2025,26,6172.0,1.5274
Barnet,E09000003,2025,27,5977.0,1.4792
Barnet,E09000003,2025,28,6172.0,1.5274
Barnet,E09000003,2025,29,6310.0,1.5616
Barnet,E09000003,2025,30,5918.0,1.4646
Barnet,E09000003,2025,31,5950.0,1.4725
Barnet,E09000003,2025,32,5874.0,1.4537
Barnet,E09000003,2025,33,5890.0,1.4576
Barnet,E09000003,2025,34,6049.0,1.497
Barnet,E09000003,2025,35,6084.0,1.5057
Barnet,E09000003,2025,36,6087.0,1.5064
Barnet,E09000003,2025,37,5958.0,1.4745
Barnet,E09000003,2025,38,6156.0,1.5235
Barnet,E09000003,2025,39,6201.0,1.5346
Barnet,E09000003,2025,40,6334.0,1.5675
Barnet,E09000003,2025,41,6050.0,1.4972
Barnet,E09000003,2025,42,6318.0,1.5636
Barnet,E09000003,2025,43,6441.0,1.594
Barnet,E09000003,2025,44,6325.0,1.5653
Barnet,E09000003,2025,45,6258.0,1.5487
Barnet,E09000003,2025,46,6271.0,1.5519
Barnet,E09000003,2025,47,5932.0,1.468
Barnet,E09000003,2025,48,5646.0,1.3973
Barnet,E09000003,2025,49,5543.0,1.3718
Barnet,E09000003,2025,50,5500.0,1.3611
Barnet,E09000003,2025,51,5418.0,1.3408
Barnet,E09000003,2025,52,5471.0,1.354
Barnet,E09000003,2025,53,5390.0,1.3339
Barnet,E09000003,2025,54,5286.0,1.3082
Barnet,E09000003,2025,55,5117.0,1.2663
Barnet,E09000003,2025,56,5050.0,1.2498
Barnet,E09000003,2025,57,4990.0,1.2349
Barnet,E09000003,2025,58,4632.0,1.1463
Barnet,E09000003,2025,59,4688.0,1.1602
Barnet,E09000003,2025,60,4526.0,1.1201
Barnet,E09000003,2025,61,4486.0,1.1102
Barnet,E09000003,2025,62,4302.0,1.0647
Barnet,E09000003,2025,63,4045.0,1.001
Barnet,E09000003,2025,64,3897.0,0.9644
Barnet,E09000003,2025,65,3738.0,0.9251
Barnet,E09000003,2025,66,3555.0,0.8798
Barnet,E09000003,2025,67,3620.0,0.8959
Barnet,E09000003,2025,68,3330.0,0.8241
Barnet,E09000003,2025,69,3179.0,0.7867
Barnet,E09000003,2025,70,3037.0,0.7516
Barnet,E09000003,2025,71,2802.0,0.6934
Barnet,E09000003,2025,72,2777.0,0.6872
Barnet,E09000003,2025,73,2725.0,0.6744
Barnet,E09000003,2025,74,2759.0,0.6828
Barnet,E09000003,2025,75,2735.0,0.6769
Barnet,E09000003,2025,76,2624.0,0.6494
Barnet,E09000003,2025,77,2526.0,0.6251
Barnet,E09000003,2025,78,2709.0,0.6704
Barnet,E09000003,2025,79,2246.0,0.5558
Barnet,E09000003,2025,80,2026.0,0.5014
Barnet,E09000003,2025,81,2102.0,0.5202
Barnet,E09000003,2025,82,1706.0,0.4222
Barnet,E09000003,2025,83,1507.0,0.3729
Barnet,E09000003,2025,84,1273.0,0.315
Barnet,E09000003,2025,85,1343.0,0.3324
Barnet,E09000003,2025,86,1230.0,0.3044
Barnet,E09000003,2025,87,1100.0,0.2722
Barnet,E09000003,2025,88,980.0,0.2425
Barnet,E09000003,2025,89,915.0,0.2264
Barnet,E09000003,2025,90,0,0.0
Bexley,E09000004,2025,0,2599.0,1.0204
Bexley,E09000004,2025,1,2728.0,1.0711
Bexley,E09000004,2025,2,2787.0,1.0942
Bexley,E09000004,2025,3,3245.0,1.2741
Bexley,E09000004,2025,4,2968.0,1.1653
Bexley,E09000004,2025,5,3146.0,1.2352
Bexley,E09000004,2025,6,3222.0,1.265
Bexley,E09000004,2025,7,3188.0,1.2517
Bexley,E09000004,2025,8,3229.0,1.2678
Bexley,E09000004,2025,9,3421.0,1.3432
Bexley,E09000004,2025,10,3369.0,1.3227
Bexley,E09000004,2025,11,3253.0,1.2772
Bexley,E09000004,2025,12,3370.0,1.3231
Bexley,E09000004,2025,13,3507.0,1.3769
Bexley,E09000004,2025,14,3449.0,1.3542
Bexley,E09000004,2025,15,3232.0,1.269
Bexley,E09000004,2025,16,3300.0,1.2957
Bexley,E09000004,2025,17,3447.0,1.3534
Bexley,E09000004,2025,18,3065.0,1.2034
Bexley,E09000004,2025,19,2444.0,0.9596
Bexley,E09000004,2025,20,2474.0,0.9714
Bexley,E09000004,2025,21,2694.0,1.0577
Bexley,E09000004,2025,22,2687.0,1.055
Bexley,E09000004,2025,23,2895.0,1.1366
Bexley,E09000004,2025,24,3026.0,1.1881
Bexley,E09000004,2025,25,3264.0,1.2815
Bexley,E09000004,2025,26,3132.0,1.2297
Bexley,E09000004,2025,27,3050.0,1.1975
Bexley,E09000004,2025,28,3128.0,1.2281
Bexley,E09000004,2025,29,3107.0,1.2199
Bexley,E09000004,2025,30,3276.0,1.2862
Bexley,E09000004,2025,31,3402.0,1.3357
Bexley,E09000004,2025,32,3451.0,1.3549
Bexley,E09000004,2025,33,3657.0,1.4358
Bexley,E09000004,2025,34,3722.0,1.4613
Bexley,E09000004,2025,35,3949.0,1.5505
Bexley,E09000004,2025,36,4059.0,1.5937
Bexley,E09000004,2025,37,3903.0,1.5324
Bexley,E09000004,2025,38,3883.0,1.5246
Bexley,E09000004,2025,39,3675.0,1.4429
Bexley,E09000004,2025,40,4130.0,1.6215
Bexley,E09000004,2025,41,3838.0,1.5069
Bexley,E09000004,2025,42,3867.0,1.5183
Bexley,E09000004,2025,43,3827.0,1.5026
Bexley,E09000004,2025,44,3897.0,1.5301
Bexley,E09000004,2025,45,3821.0,1.5002
Bexley,E09000004,2025,46,3623.0,1.4225
Bexley,E09000004,2025,47,3320.0,1.3035
Bexley,E09000004,2025,48,3253.0,1.2772
Bexley,E09000004,2025,49,3218.0,1.2635
Bexley,E09000004,2025,50,3222.0,1.265
Bexley,E09000004,2025,51,3177.0,1.2474
Bexley,E09000004,2025,52,3250.0,1.276
Bexley,E09000004,2025,53,3106.0,1.2195
Bexley,E09000004,2025,54,3250.0,1.276
Bexley,E09000004,2025,55,3298.0,1.2949
Bexley,E09000004,2025,56,3305.0,1.2976
Bexley,E09000004,2025,57,3174.0,1.2462
Bexley,E09000004,2025,58,3331.0,1.3078
Bexley,E09000004,2025,59,3174.0,1.2462
Bexley,E09000004,2025,60,3261.0,1.2803
Bexley,E09000004,2025,61,3239.0,1.2717
Bexley,E09000004,2025,62,2994.0,1.1755
Bexley,E09000004,2025,63,2943.0,1.1555
Bexley,E09000004,2025,64,2802.0,1.1001
Bexley,E09000004,2025,65,2690.0,1.0562
Bexley,E09000004,2025,66,2483.0,0.9749
Bexley,E09000004,2025,67,2381.0,0.9348
Bexley,E09000004,2025,68,2288.0,0.8983
Bexley,E09000004,2025,69,2148.0,0.8434
Bexley,E09000004,2025,70,2044.0,0.8025
Bexley,E09000004,2025,71,1964.0,0.7711
Bexley,E09000004,2025,72,1875.0,0.7362
Bexley,E09000004,2025,73,1877.0,0.737
Bexley,E09000004,2025,74,1915.0,0.7519
Bexley,E09000004,2025,75,1724.0,0.6769
Bexley,E09000004,2025,76,1809.0,0.7103
Bexley,E09000004,2025,77,1923.0,0.755
Bexley,E09000004,2025,78,2072.0,0.8135
Bexley,E09000004,2025,79,1574.0,0.618
Bexley,E09000004,2025,80,1364.0,0.5355
Bexley,E09000004,2025,81,1348.0,0.5293
Bexley,E09000004,2025,82,1293.0,0.5077
Bexley,E09000004,2025,83,1118.0,0.439
Bexley,E09000004,2025,84,908.0,0.3565
Bexley,E09000004,2025,85,981.0,0.3852
Bexley,E09000004,2025,86,971.0,0.3812
Bexley,E09000004,2025,87,894.0,0.351
Bexley,E09000004,2025,88,721.0,0.2831
Bexley,E09000004,2025,89,609.0,0.2391
Bexley,E09000004,2025,90,0,0.0
Brent,E09000005,2025,0,4493.0,1.2835
Brent,E09000005,2025,1,4223.0,1.2064
Brent,E09000005,2025,2,4203.0,1.2006
Brent,E09000005,2025,3,4273.0,1.2206
Brent,E09000005,2025,4,3750.0,1.0712
Brent,E09000005,2025,5,3921.0,1.1201
Brent,E09000005,2025,6,3680.0,1.0512
Brent,E09000005,2025,7,3635.0,1.0384
Brent,E09000005,2025,8,3769.0,1.0767
Brent,E09000005,2025,9,3832.0,1.0947
Brent,E09000005,2025,10,3723.0,1.0635
Brent,E09000005,2025,11,3608.0,1.0307
Brent,E09000005,2025,12,3717.0,1.0618
Brent,E09000005,2025,13,3944.0,1.1267
Brent,E09000005,2025,14,4004.0,1.1438
Brent,E09000005,2025,15,4067.0,1.1618
Brent,E09000005,2025,16,4196.0,1.1986
Brent,E09000005,2025,17,4155.0,1.1869
Brent,E09000005,2025,18,4170.0,1.1912
Brent,E09000005,2025,19,4099.0,1.1709
Brent,E09000005,2025,20,4589.0,1.3109
Brent,E09000005,2025,21,5428.0,1.5506
Brent,E09000005,2025,22,5868.0,1.6763
Brent,E09000005,2025,23,6557.0,1.8731
Brent,E09000005,2025,24,7139.0,2.0394
Brent,E09000005,2025,25,7257.0,2.0731
Brent,E09000005,2025,26,7100.0,2.0282
Brent,E09000005,2025,27,7188.0,2.0534
Brent,E09000005,2025,28,7200.0,2.0568
Brent,E09000005,2025,29,6571.0,1.8771
Brent,E09000005,2025,30,6337.0,1.8103
Brent,E09000005,2025,31,6018.0,1.7191
Brent,E09000005,2025,32,5768.0,1.6477
Brent,E09000005,2025,33,5623.0,1.6063
Brent,E09000005,2025,34,5304.0,1.5152
Brent,E09000005,2025,35,5510.0,1.574
Brent,E09000005,2025,36,5422.0,1.5489
Brent,E09000005,2025,37,5153.0,1.472
Brent,E09000005,2025,38,5060.0,1.4455
Brent,E09000005,2025,39,5028.0,1.4363
Brent,E09000005,2025,40,4865.0,1.3898
Brent,E09000005,2025,41,4736.0,1.3529
Brent,E09000005,2025,42,4682.0,1.3375
Brent,E09000005,2025,43,4964.0,1.418
Brent,E09000005,2025,44,4944.0,1.4123
Brent,E09000005,2025,45,5157.0,1.4732
Brent,E09000005,2025,46,4578.0,1.3078
Brent,E09000005,2025,47,4505.0,1.2869
Brent,E09000005,2025,48,4416.0,1.2615
Brent,E09000005,2025,49,4318.0,1.2335
Brent,E09000005,2025,50,4670.0,1.334
Brent,E09000005,2025,51,4346.0,1.2415
Brent,E09000005,2025,52,4194.0,1.1981
Brent,E09000005,2025,53,4234.0,1.2095
Brent,E09000005,2025,54,4164.0,1.1895
Brent,E09000005,2025,55,4326.0,1.2358
Brent,E09000005,2025,56,4706.0,1.3443
Brent,E09000005,2025,57,4263.0,1.2178
Brent,E09000005,2025,58,4015.0,1.1469
Brent,E09000005,2025,59,3847.0,1.0989
Brent,E09000005,2025,60,3923.0,1.1207
Brent,E09000005,2025,61,3812.0,1.0889
Brent,E09000005,2025,62,3567.0,1.019
Brent,E09000005,2025,63,3569.0,1.0195
Brent,E09000005,2025,64,3339.0,0.9538
Brent,E09000005,2025,65,3251.0,0.9287
Brent,E09000005,2025,66,3167.0,0.9047
Brent,E09000005,2025,67,2892.0,0.8261
Brent,E09000005,2025,68,2627.0,0.7504
Brent,E09000005,2025,69,2586.0,0.7387
Brent,E09000005,2025,70,2379.0,0.6796
Brent,E09000005,2025,71,2185.0,0.6242
Brent,E09000005,2025,72,2164.0,0.6182
Brent,E09000005,2025,73,2048.0,0.585
Brent,E09000005,2025,74,1835.0,0.5242
Brent,E09000005,2025,75,1943.0,0.555
Brent,E09000005,2025,76,1769.0,0.5053
Brent,E09000005,2025,77,1563.0,0.4465
Brent,E09000005,2025,78,1503.0,0.4294
Brent,E09000005,2025,79,1293.0,0.3694
Brent,E09000005,2025,80,1212.0,0.3462
Brent,E09000005,2025,81,1185.0,0.3385
Brent,E09000005,2025,82,1106.0,0.3159
Brent,E09000005,2025,83,1031.0,0.2945
Brent,E09000005,2025,84,849.0,0.2425
Brent,E09000005,2025,85,899.0,0.2568
Brent,E09000005,2025,86,786.0,0.2245
Brent,E09000005,2025,87,804.0,0.2297
Brent,E09000005,2025,88,703.0,0.2008
Brent,E09000005,2025,89,560.0,0.16
Brent,E09000005,2025,90,0,0.0
Bromley,E09000006,2025,0,3246.0,0.9766
Bromley,E09000006,2025,1,3439.0,1.0347
Bromley,E09000006,2025,2,3591.0,1.0804
Bromley,E09000006,2025,3,3872.0,1.165
Bromley,E09000006,2025,4,3845.0,1.1568
Bromley,E09000006,2025,5,3990.0,1.2005
Bromley,E09000006,2025,6,4014.0,1.2077
Bromley,E09000006,2025,7,4055.0,1.22
Bromley,E09000006,2025,8,4150.0,1.2486
Bromley,E09000006,2025,9,4155.0,1.2501
Bromley,E09000006,2025,10,4208.0,1.2661
Bromley,E09000006,2025,11,4119.0,1.2393
Bromley,E09000006,2025,12,4267.0,1.2838
Bromley,E09000006,2025,13,4243.0,1.2766
Bromley,E09000006,2025,14,4480.0,1.3479
Bromley,E09000006,2025,15,4350.0,1.3088
Bromley,E09000006,2025,16,4160.0,1.2516
Bromley,E09000006,2025,17,4159.0,1.2513
Bromley,E09000006,2025,18,3693.0,1.1111
Bromley,E09000006,2025,19,2290.0,0.689
Bromley,E09000006,2025,20,2126.0,0.6396
Bromley,E09000006,2025,21,2338.0,0.7034
Bromley,E09000006,2025,22,2700.0,0.8123
Bromley,E09000006,2025,23,3247.0,0.9769
Bromley,E09000006,2025,24,3394.0,1.0212
Bromley,E09000006,2025,25,3535.0,1.0636
Bromley,E09000006,2025,26,3568.0,1.0735
Bromley,E09000006,2025,27,3707.0,1.1153
Bromley,E09000006,2025,28,3731.0,1.1225
Bromley,E09000006,2025,29,3671.0,1.1045
Bromley,E09000006,2025,30,3797.0,1.1424
Bromley,E09000006,2025,31,3896.0,1.1722
Bromley,E09000006,2025,32,4231.0,1.273
Bromley,E09000006,2025,33,4530.0,1.3629
Bromley,E09000006,2025,34,4425.0,1.3313
Bromley,E09000006,2025,35,5146.0,1.5483
Bromley,E09000006,2025,36,4891.0,1.4716
Bromley,E09000006,2025,37,5258.0,1.582
Bromley,E09000006,2025,38,5033.0,1.5143
Bromley,E09000006,2025,39,5365.0,1.6142
Bromley,E09000006,2025,40,5232.0,1.5741
Bromley,E09000006,2025,41,5189.0,1.5612
Bromley,E09000006,2025,42,5165.0,1.554
Bromley,E09000006,2025,43,5338.0,1.606
Bromley,E09000006,2025,44,5385.0,1.6202
Bromley,E09000006,2025,45,5273.0,1.5865
Bromley,E09000006,2025,46,5409.0,1.6274
Bromley,E09000006,2025,47,4986.0,1.5001
Bromley,E09000006,2025,48,4782.0,1.4388
Bromley,E09000006,2025,49,4724.0,1.4213
Bromley,E09000006,2025,50,4703.0,1.415
Bromley,E09000006,2025,51,4672.0,1.4057
Bromley,E09000006,2025,52,4694.0,1.4123
Bromley,E09000006,2025,53,4645.0,1.3975
Bromley,E09000006,2025,54,4636.0,1.3948
Bromley,E09000006,2025,55,4473.0,1.3458
Bromley,E09000006,2025,56,4558.0,1.3714
Bromley,E09000006,2025,57,4471.0,1.3452
Bromley,E09000006,2025,58,4610.0,1.387
Bromley,E09000006,2025,59,4456.0,1.3407
Bromley,E09000006,2025,60,4325.0,1.3013
Bromley,E09000006,2025,61,4252.0,1.2793
Bromley,E09000006,2025,62,4152.0,1.2492
Bromley,E09000006,2025,63,3834.0,1.1535
Bromley,E09000006,2025,64,3803.0,1.1442
Bromley,E09000006,2025,65,3688.0,1.1096
Bromley,E09000006,2025,66,3332.0,1.0025
Bromley,E09000006,2025,67,3259.0,0.9805
Bromley,E09000006,2025,68,3086.0,0.9285
Bromley,E09000006,2025,69,2928.0,0.8809
Bromley,E09000006,2025,70,2695.0,0.8108
Bromley,E09000006,2025,71,2669.0,0.803
Bromley,E09000006,2025,72,2563.0,0.7711
Bromley,E09000006,2025,73,2530.0,0.7612
Bromley,E09000006,2025,74,2651.0,0.7976
Bromley,E09000006,2025,75,2616.0,0.7871
Bromley,E09000006,2025,76,2762.0,0.831
Bromley,E09000006,2025,77,2838.0,0.8539
Bromley,E09000006,2025,78,3163.0,0.9517
Bromley,E09000006,2025,79,2368.0,0.7125
Bromley,E09000006,2025,80,2068.0,0.6222
Bromley,E09000006,2025,81,1946.0,0.5855
Bromley,E09000006,2025,82,1846.0,0.5554
Bromley,E09000006,2025,83,1660.0,0.4994
Bromley,E09000006,2025,84,1325.0,0.3987
Bromley,E09000006,2025,85,1358.0,0.4086
Bromley,E09000006,2025,86,1233.0,0.371
Bromley,E09000006,2025,87,1135.0,0.3415
Bromley,E09000006,2025,88,1034.0,0.3111
Bromley,E09000006,2025,89,935.0,0.2813
Bromley,E09000006,2025,90,0,0.0
Camden,E09000007,2025,0,2016.0,0.9356
Camden,E09000007,2025,1,1913.0,0.8878
Camden,E09000007,2025,2,1744.0,0.8093
Camden,E09000007,2025,3,1877.0,0.8711
Camden,E09000007,2025,4,1805.0,0.8376
Camden,E09000007,2025,5,1648.0,0.7648
Camden,E09000007,2025,6,1630.0,0.7564
Camden,E09000007,2025,7,1706.0,0.7917
Camden,E09000007,2025,8,1740.0,0.8075
Camden,E09000007,2025,9,1844.0,0.8557
Camden,E09000007,2025,10,1635.0,0.7588
Camden,E09000007,2025,11,1784.0,0.8279
Camden,E09000007,2025,12,1703.0,0.7903
Camden,E09000007,2025,13,1864.0,0.865
Camden,E09000007,2025,14,1907.0,0.885
Camden,E09000007,2025,15,1880.0,0.8725
Camden,E09000007,2025,16,1927.0,0.8943
Camden,E09000007,2025,17,2069.0,0.9602
Camden,E09000007,2025,18,2781.0,1.2906
Camden,E09000007,2025,19,5387.0,2.5
Camden,E09000007,2025,20,5633.0,2.6141
Camden,E09000007,2025,21,5360.0,2.4874
Camden,E09000007,2025,22,5758.0,2.6721
Camden,E09000007,2025,23,5210.0,2.4178
Camden,E09000007,2025,24,4973.0,2.3078
Camden,E09000007,2025,25,5220.0,2.4225
Camden,E09000007,2025,26,5056.0,2.3463
Camden,E09000007,2025,27,4980.0,2.3111
Camden,E09000007,2025,28,4765.0,2.2113
Camden,E09000007,2025,29,4475.0,2.0767
Camden,E09000007,2025,30,4533.0,2.1036
Camden,E09000007,2025,31,4176.0,1.938
Camden,E09000007,2025,32,4025.0,1.8679
Camden,E09000007,2025,33,3536.0,1.641
Camden,E09000007,2025,34,3402.0,1.5788
Camden,E09000007,2025,35,3443.0,1.5978
Camden,E09000007,2025,36,3235.0,1.5013
Camden,E09000007,2025,37,3124.0,1.4498
Camden,E09000007,2025,38,2853.0,1.324
Camden,E09000007,2025,39,2832.0,1.3143
Camden,E09000007,2025,40,2900.0,1.3458
Camden,E09000007,2025,41,2607.0,1.2098
Camden,E09000007,2025,42,2617.0,1.2145
Camden,E09000007,2025,43,2523.0,1.1709
Camden,E09000007,2025,44,2619.0,1.2154
Camden,E09000007,2025,45,2581.0,1.1978
Camden,E09000007,2025,46,2744.0,1.2734
Camden,E09000007,2025,47,2522.0,1.1704
Camden,E09000007,2025,48,2468.0,1.1453
Camden,E09000007,2025,49,2523.0,1.1709
Camden,E09000007,2025,50,2665.0,1.2368
Camden,E09000007,2025,51,2476.0,1.149
Camden,E09000007,2025,52,2448.0,1.136
Camden,E09000007,2025,53,2530.0,1.1741
Camden,E09000007,2025,54,2628.0,1.2196
Camden,E09000007,2025,55,2600.0,1.2066
Camden,E09000007,2025,56,2481.0,1.1514
Camden,E09000007,2025,57,2452.0,1.1379
Camden,E09000007,2025,58,2518.0,1.1685
Camden,E09000007,2025,59,2461.0,1.1421
Camden,E09000007,2025,60,2326.0,1.0794
Camden,E09000007,2025,61,2286.0,1.0609
Camden,E09000007,2025,62,2158.0,1.0015
Camden,E09000007,2025,63,1992.0,0.9244
Camden,E09000007,2025,64,1924.0,0.8929
Camden,E09000007,2025,65,1907.0,0.885
Camden,E09000007,2025,66,1662.0,0.7713
Camden,E09000007,2025,67,1645.0,0.7634
Camden,E09000007,2025,68,1450.0,0.6729
Camden,E09000007,2025,69,1431.0,0.6641
Camden,E09000007,2025,70,1367.0,0.6344
Camden,E09000007,2025,71,1292.0,0.5996
Camden,E09000007,2025,72,1284.0,0.5959
Camden,E09000007,2025,73,1218.0,0.5652
Camden,E09000007,2025,74,1173.0,0.5444
Camden,E09000007,2025,75,1148.0,0.5328
Camden,E09000007,2025,76,1158.0,0.5374
Camden,E09000007,2025,77,1154.0,0.5355
Camden,E09000007,2025,78,1194.0,0.5541
Camden,E09000007,2025,79,1000.0,0.4641
Camden,E09000007,2025,80,934.0,0.4334
Camden,E09000007,2025,81,872.0,0.4047
Camden,E09000007,2025,82,746.0,0.3462
Camden,E09000007,2025,83,635.0,0.2947
Camden,E09000007,2025,84,520.0,0.2413
Camden,E09000007,2025,85,543.0,0.252
Camden,E09000007,2025,86,476.0,0.2209
Camden,E09000007,2025,87,470.0,0.2181
Camden,E09000007,2025,88,370.0,0.1717
Camden,E09000007,2025,89,337.0,0.1564
Camden,E09000007,2025,90,0,0.0
City of London,E09000001,2025,0,53.0,0.34
City of London,E09000001,2025,1,51.0,0.3272
City of London,E09000001,2025,2,34.0,0.2181
City of London,E09000001,2025,3,66.0,0.4234
City of London,E09000001,2025,4,30.0,0.1925
City of London,E09000001,2025,5,23.0,0.1475
City of London,E09000001,2025,6,20.0,0.1283
City of London,E09000001,2025,7,10.0,0.0642
City of London,E09000001,2025,8,36.0,0.2309
City of London,E09000001,2025,9,28.0,0.1796
City of London,E09000001,2025,10,31.0,0.1989
City of London,E09000001,2025,11,31.0,0.1989
City of London,E09000001,2025,12,28.0,0.1796
City of London,E09000001,2025,13,36.0,0.2309
City of London,E09000001,2025,14,45.0,0.2887
City of London,E09000001,2025,15,39.0,0.2502
City of London,E09000001,2025,16,42.0,0.2694
City of London,E09000001,2025,17,64.0,0.4106
City of London,E09000001,2025,18,85.0,0.5453
City of London,E09000001,2025,19,176.0,1.1291
City of London,E09000001,2025,20,216.0,1.3857
City of London,E09000001,2025,21,300.0,1.9246
City of London,E09000001,2025,22,431.0,2.7649
City of London,E09000001,2025,23,485.0,3.1114
City of London,E09000001,2025,24,579.0,3.7144
City of London,E09000001,2025,25,604.0,3.8748
City of London,E09000001,2025,26,571.0,3.6631
City of London,E09000001,2025,27,646.0,4.1442
City of London,E09000001,2025,28,606.0,3.8876
City of London,E09000001,2025,29,604.0,3.8748
City of London,E09000001,2025,30,578.0,3.708
City of London,E09000001,2025,31,542.0,3.477
City of London,E09000001,2025,32,518.0,3.3231
City of London,E09000001,2025,33,435.0,2.7906
City of London,E09000001,2025,34,472.0,3.028
City of London,E09000001,2025,35,444.0,2.8483
City of London,E09000001,2025,36,385.0,2.4698
City of London,E09000001,2025,37,335.0,2.1491
City of London,E09000001,2025,38,281.0,1.8027
City of London,E09000001,2025,39,279.0,1.7898
City of London,E09000001,2025,40,232.0,1.4883
City of London,E09000001,2025,41,227.0,1.4562
City of London,E09000001,2025,42,270.0,1.7321
City of London,E09000001,2025,43,225.0,1.4434
City of London,E09000001,2025,44,198.0,1.2702
City of London,E09000001,2025,45,149.0,0.9559
City of London,E09000001,2025,46,143.0,0.9174
City of London,E09000001,2025,47,203.0,1.3023
City of London,E09000001,2025,48,172.0,1.1034
City of London,E09000001,2025,49,146.0,0.9366
City of London,E09000001,2025,50,120.0,0.7698
City of London,E09000001,2025,51,158.0,1.0136
City of London,E09000001,2025,52,124.0,0.7955
City of London,E09000001,2025,53,170.0,1.0906
City of London,E09000001,2025,54,144.0,0.9238
City of London,E09000001,2025,55,155.0,0.9944
City of London,E09000001,2025,56,164.0,1.0521
City of London,E09000001,2025,57,161.0,1.0328
City of London,E09000001,2025,58,110.0,0.7057
City of London,E09000001,2025,59,108.0,0.6928
City of London,E09000001,2025,60,129.0,0.8276
City of London,E09000001,2025,61,118.0,0.757
City of London,E09000001,2025,62,112.0,0.7185
City of London,E09000001,2025,63,97.0,0.6223
City of London,E09000001,2025,64,116.0,0.7442
City of London,E09000001,2025,65,92.0,0.5902
City of London,E09000001,2025,66,100.0,0.6415
City of London,E09000001,2025,67,96.0,0.6159
City of London,E09000001,2025,68,93.0,0.5966
City of London,E09000001,2025,69,95.0,0.6094
City of London,E09000001,2025,70,80.0,0.5132
City of London,E09000001,2025,71,65.0,0.417
City of London,E09000001,2025,72,56.0,0.3593
City of London,E09000001,2025,73,91.0,0.5838
City of London,E09000001,2025,74,65.0,0.417
City of London,E09000001,2025,75,50.0,0.3208
City of London,E09000001,2025,76,59.0,0.3785
City of London,E09000001,2025,77,57.0,0.3657
City of London,E09000001,2025,78,75.0,0.4811
City of London,E09000001,2025,79,40.0,0.2566
City of London,E09000001,2025,80,49.0,0.3143
City of London,E09000001,2025,81,28.0,0.1796
City of London,E09000001,2025,82,36.0,0.2309
City of London,E09000001,2025,83,21.0,0.1347
City of London,E09000001,2025,84,29.0,0.186
City of London,E09000001,2025,85,31.0,0.1989
City of London,E09000001,2025,86,31.0,0.1989
City of London,E09000001,2025,87,37.0,0.2374
City of London,E09000001,2025,88,6.0,0.0385
City of London,E09000001,2025,89,16.0,0.1026
City of London,E09000001,2025,90,0,0.0
Croydon,E09000008,2025,0,5024.0,1.2343
Croydon,E09000008,2025,1,5087.0,1.2498
Croydon,E09000008,2025,2,5079.0,1.2478
Croydon,E09000008,2025,3,5003.0,1.2291
Croydon,E09000008,2025,4,5062.0,1.2436
Croydon,E09000008,2025,5,5080.0,1.2481
Croydon,E09000008,2025,6,4974.0,1.222
Croydon,E09000008,2025,7,4993.0,1.2267
Croydon,E09000008,2025,8,5065.0,1.2444
Croydon,E09000008,2025,9,4967.0,1.2203
Croydon,E09000008,2025,10,4896.0,1.2029
Croydon,E09000008,2025,11,4912.0,1.2068
Croydon,E09000008,2025,12,4919.0,1.2085
Croydon,E09000008,2025,13,5184.0,1.2736
Croydon,E09000008,2025,14,5236.0,1.2864
Croydon,E09000008,2025,15,5314.0,1.3056
Croydon,E09000008,2025,16,5175.0,1.2714
Croydon,E09000008,2025,17,5561.0,1.3662
Croydon,E09000008,2025,18,4937.0,1.2129
Croydon,E09000008,2025,19,3434.0,0.8437
Croydon,E09000008,2025,20,3449.0,0.8474
Croydon,E09000008,2025,21,3649.0,0.8965
Croydon,E09000008,2025,22,4066.0,0.9989
Croydon,E09000008,2025,23,4881.0,1.1992
Croydon,E09000008,2025,24,5358.0,1.3164
Croydon,E09000008,2025,25,5680.0,1.3955
Croydon,E09000008,2025,26,6066.0,1.4903
Croydon,E09000008,2025,27,6184.0,1.5193
Croydon,E09000008,2025,28,6208.0,1.5252
Croydon,E09000008,2025,29,6080.0,1.4937
Croydon,E09000008,2025,30,6366.0,1.564
Croydon,E09000008,2025,31,6398.0,1.5719
Croydon,E09000008,2025,32,6446.0,1.5837
Croydon,E09000008,2025,33,6774.0,1.6642
Croydon,E09000008,2025,34,6722.0,1.6515
Croydon,E09000008,2025,35,6771.0,1.6635
Croydon,E09000008,2025,36,6784.0,1.6667
Croydon,E09000008,2025,37,6771.0,1.6635
Croydon,E09000008,2025,38,6594.0,1.62
Croydon,E09000008,2025,39,6533.0,1.605
Croydon,E09000008,2025,40,6312.0,1.5507
Croydon,E09000008,2025,41,6213.0,1.5264
Croydon,E09000008,2025,42,6256.0,1.537
Croydon,E09000008,2025,43,6104.0,1.4996
Croydon,E09000008,2025,44,6156.0,1.5124
Croydon,E09000008,2025,45,5899.0,1.4493
Croydon,E09000008,2025,46,5795.0,1.4237
Croydon,E09000008,2025,47,5429.0,1.3338
Croydon,E09000008,2025,48,5234.0,1.2859
Croydon,E09000008,2025,49,5492.0,1.3493
Croydon,E09000008,2025,50,5295.0,1.3009
Croydon,E09000008,2025,51,4944.0,1.2146
Croydon,E09000008,2025,52,4850.0,1.1916
Croydon,E09000008,2025,53,5075.0,1.2468
Croydon,E09000008,2025,54,5111.0,1.2557
Croydon,E09000008,2025,55,5072.0,1.2461
Croydon,E09000008,2025,56,5231.0,1.2852
Croydon,E09000008,2025,57,5213.0,1.2807
Croydon,E09000008,2025,58,5244.0,1.2884
Croydon,E09000008,2025,59,5126.0,1.2594
Croydon,E09000008,2025,60,5078.0,1.2476
Croydon,E09000008,2025,61,4956.0,1.2176
Croydon,E09000008,2025,62,4826.0,1.1857
Croydon,E09000008,2025,63,4520.0,1.1105
Croydon,E09000008,2025,64,4371.0,1.0739
Croydon,E09000008,2025,65,4116.0,1.0112
Croydon,E09000008,2025,66,3729.0,0.9161
Croydon,E09000008,2025,67,3527.0,0.8665
Croydon,E09000008,2025,68,3332.0,0.8186
Croydon,E09000008,2025,69,3091.0,0.7594
Croydon,E09000008,2025,70,2985.0,0.7334
Croydon,E09000008,2025,71,2803.0,0.6886
Croydon,E09000008,2025,72,2691.0,0.6611
Croydon,E09000008,2025,73,2521.0,0.6194
Croydon,E09000008,2025,74,2536.0,0.623
Croydon,E09000008,2025,75,2379.0,0.5845
Croydon,E09000008,2025,76,2221.0,0.5457
Croydon,E09000008,2025,77,2498.0,0.6137
Croydon,E09000008,2025,78,2529.0,0.6213
Croydon,E09000008,2025,79,1963.0,0.4823
Croydon,E09000008,2025,80,1763.0,0.4331
Croydon,E09000008,2025,81,1708.0,0.4196
Croydon,E09000008,2025,82,1657.0,0.4071
Croydon,E09000008,2025,83,1349.0,0.3314
Croydon,E09000008,2025,84,1213.0,0.298
Croydon,E09000008,2025,85,1171.0,0.2877
Croydon,E09000008,2025,86,1099.0,0.27
Croydon,E09000008,2025,87,1032.0,0.2535
Croydon,E09000008,2025,88,883.0,0.2169
Croydon,E09000008,2025,89,751.0,0.1845
Croydon,E09000008,2025,90,0,0.0
Ealing,E09000009,2025,0,4577.0,1.1894
Ealing,E09000009,2025,1,4546.0,1.1813
Ealing,E09000009,2025,2,4379.0,1.1379
Ealing,E09000009,2025,3,4109.0,1.0677
Ealing,E09000009,2025,4,4051.0,1.0527
Ealing,E09000009,2025,5,4074.0,1.0587
Ealing,E09000009,2025,6,4124.0,1.0716
Ealing,E09000009,2025,7,4123.0,1.0714
Ealing,E09000009,2025,8,4140.0,1.0758
Ealing,E09000009,2025,9,4240.0,1.1018
Ealing,E09000009,2025,10,4036.0,1.0488
Ealing,E09000009,2025,11,4295.0,1.1161
Ealing,E09000009,2025,12,4462.0,1.1595
Ealing,E09000009,2025,13,4432.0,1.1517
Ealing,E09000009,2025,14,4524.0,1.1756
Ealing,E09000009,2025,15,4672.0,1.214
Ealing,E09000009,2025,16,4579.0,1.1899
Ealing,E09000009,2025,17,4660.0,1.2109
Ealing,E09000009,2025,18,4641.0,1.206
Ealing,E09000009,2025,19,4552.0,1.1829
Ealing,E09000009,2025,20,4440.0,1.1538
Ealing,E09000009,2025,21,4890.0,1.2707
Ealing,E09000009,2025,22,5815.0,1.5111
Ealing,E09000009,2025,23,6447.0,1.6753
Ealing,E09000009,2025,24,6627.0,1.7221
Ealing,E09000009,2025,25,6925.0,1.7995
Ealing,E09000009,2025,26,7024.0,1.8252
Ealing,E09000009,2025,27,7068.0,1.8367
Ealing,E09000009,2025,28,6838.0,1.7769
Ealing,E09000009,2025,29,6742.0,1.752
Ealing,E09000009,2025,30,6483.0,1.6846
Ealing,E09000009,2025,31,6645.0,1.7267
Ealing,E09000009,2025,32,6455.0,1.6774
Ealing,E09000009,2025,33,6288.0,1.634
Ealing,E09000009,2025,34,6028.0,1.5664
Ealing,E09000009,2025,35,6101.0,1.5854
Ealing,E09000009,2025,36,6108.0,1.5872
Ealing,E09000009,2025,37,6051.0,1.5724
Ealing,E09000009,2025,38,5786.0,1.5035
Ealing,E09000009,2025,39,5762.0,1.4973
Ealing,E09000009,2025,40,5944.0,1.5446
Ealing,E09000009,2025,41,5730.0,1.489
Ealing,E09000009,2025,42,5779.0,1.5017
Ealing,E09000009,2025,43,5662.0,1.4713
Ealing,E09000009,2025,44,6088.0,1.582
Ealing,E09000009,2025,45,5974.0,1.5524
Ealing,E09000009,2025,46,5775.0,1.5007
Ealing,E09000009,2025,47,5286.0,1.3736
Ealing,E09000009,2025,48,5342.0,1.3882
Ealing,E09000009,2025,49,5305.0,1.3785
Ealing,E09000009,2025,50,5338.0,1.3871
Ealing,E09000009,2025,51,4989.0,1.2964
Ealing,E09000009,2025,52,5024.0,1.3055
Ealing,E09000009,2025,53,4882.0,1.2686
Ealing,E09000009,2025,54,4800.0,1.2473
Ealing,E09000009,2025,55,4908.0,1.2754
Ealing,E09000009,2025,56,4694.0,1.2198
Ealing,E09000009,2025,57,4692.0,1.2192
Ealing,E09000009,2025,58,4431.0,1.1514
Ealing,E09000009,2025,59,4543.0,1.1805
Ealing,E09000009,2025,60,4318.0,1.1221
Ealing,E09000009,2025,61,4210.0,1.094
Ealing,E09000009,2025,62,3938.0,1.0233
Ealing,E09000009,2025,63,3853.0,1.0012
Ealing,E09000009,2025,64,3526.0,0.9163
Ealing,E09000009,2025,65,3415.0,0.8874
Ealing,E09000009,2025,66,3339.0,0.8677
Ealing,E09000009,2025,67,3168.0,0.8232
Ealing,E09000009,2025,68,3013.0,0.7829
Ealing,E09000009,2025,69,2793.0,0.7258
Ealing,E09000009,2025,70,2680.0,0.6964
Ealing,E09000009,2025,71,2523.0,0.6556
Ealing,E09000009,2025,72,2399.0,0.6234
Ealing,E09000009,2025,73,2314.0,0.6013
Ealing,E09000009,2025,74,2200.0,0.5717
Ealing,E09000009,2025,75,2092.0,0.5436
Ealing,E09000009,2025,76,2121.0,0.5512
Ealing,E09000009,2025,77,2049.0,0.5324
Ealing,E09000009,2025,78,1972.0,0.5124
Ealing,E09000009,2025,79,1591.0,0.4134
Ealing,E09000009,2025,80,1404.0,0.3648
Ealing,E09000009,2025,81,1387.0,0.3604
Ealing,E09000009,2025,82,1251.0,0.3251
Ealing,E09000009,2025,83,1199.0,0.3116
Ealing,E09000009,2025,84,1090.0,0.2832
Ealing,E09000009,2025,85,992.0,0.2578
Ealing,E09000009,2025,86,898.0,0.2334
Ealing,E09000009,2025,87,803.0,0.2087
Ealing,E09000009,2025,88,731.0,0.19
Ealing,E09000009,2025,89,634.0,0.1647
Ealing,E09000009,2025,90,0,0.0
Enfield,E09000010,2025,0,3515.0,1.0762
Enfield,E09000010,2025,1,3816.0,1.1684
Enfield,E09000010,2025,2,3829.0,1.1723
Enfield,E09000010,2025,3,4267.0,1.3065
Enfield,E09000010,2025,4,3911.0,1.1975
Enfield,E09000010,2025,5,4259.0,1.304
Enfield,E09000010,2025,6,4119.0,1.2611
Enfield,E09000010,2025,7,4281.0,1.3107
Enfield,E09000010,2025,8,4324.0,1.3239
Enfield,E09000010,2025,9,4466.0,1.3674
Enfield,E09000010,2025,10,4280.0,1.3104
Enfield,E09000010,2025,11,4251.0,1.3016
Enfield,E09000010,2025,12,4332.0,1.3264
Enfield,E09000010,2025,13,4717.0,1.4442
Enfield,E09000010,2025,14,4639.0,1.4204
Enfield,E09000010,2025,15,4647.0,1.4228
Enfield,E09000010,2025,16,4794.0,1.4678
Enfield,E09000010,2025,17,4972.0,1.5223
Enfield,E09000010,2025,18,4412.0,1.3509
Enfield,E09000010,2025,19,3506.0,1.0735
Enfield,E09000010,2025,20,3184.0,0.9749
Enfield,E09000010,2025,21,3309.0,1.0131
Enfield,E09000010,2025,22,3584.0,1.0973
Enfield,E09000010,2025,23,4007.0,1.2268
Enfield,E09000010,2025,24,4452.0,1.3631
Enfield,E09000010,2025,25,4363.0,1.3358
Enfield,E09000010,2025,26,4647.0,1.4228
Enfield,E09000010,2025,27,4513.0,1.3818
Enfield,E09000010,2025,28,4598.0,1.4078
Enfield,E09000010,2025,29,4265.0,1.3058
Enfield,E09000010,2025,30,4209.0,1.2887
Enfield,E09000010,2025,31,4241.0,1.2985
Enfield,E09000010,2025,32,4177.0,1.2789
Enfield,E09000010,2025,33,4255.0,1.3028
Enfield,E09000010,2025,34,4177.0,1.2789
Enfield,E09000010,2025,35,4244.0,1.2994
Enfield,E09000010,2025,36,4594.0,1.4066
Enfield,E09000010,2025,37,4684.0,1.4341
Enfield,E09000010,2025,38,4792.0,1.4672
Enfield,E09000010,2025,39,4614.0,1.4127
Enfield,E09000010,2025,40,4673.0,1.4308
Enfield,E09000010,2025,41,4572.0,1.3998
Enfield,E09000010,2025,42,4560.0,1.3962
Enfield,E09000010,2025,43,4751.0,1.4546
Enfield,E09000010,2025,44,5028.0,1.5395
Enfield,E09000010,2025,45,4919.0,1.5061
Enfield,E09000010,2025,46,4752.0,1.455
Enfield,E09000010,2025,47,4742.0,1.4519
Enfield,E09000010,2025,48,4478.0,1.3711
Enfield,E09000010,2025,49,4391.0,1.3444
Enfield,E09000010,2025,50,4349.0,1.3316
Enfield,E09000010,2025,51,4294.0,1.3147
Enfield,E09000010,2025,52,4598.0,1.4078
Enfield,E09000010,2025,53,4485.0,1.3732
Enfield,E09000010,2025,54,4565.0,1.3977
Enfield,E09000010,2025,55,4426.0,1.3551
Enfield,E09000010,2025,56,4247.0,1.3003
Enfield,E09000010,2025,57,4341.0,1.3291
Enfield,E09000010,2025,58,4004.0,1.2259
Enfield,E09000010,2025,59,4232.0,1.2957
Enfield,E09000010,2025,60,4171.0,1.2771
Enfield,E09000010,2025,61,4113.0,1.2593
Enfield,E09000010,2025,62,3867.0,1.184
Enfield,E09000010,2025,63,3411.0,1.0444
Enfield,E09000010,2025,64,3451.0,1.0566
Enfield,E09000010,2025,65,3537.0,1.0829
Enfield,E09000010,2025,66,3190.0,0.9767
Enfield,E09000010,2025,67,3005.0,0.9201
Enfield,E09000010,2025,68,2726.0,0.8346
Enfield,E09000010,2025,69,2575.0,0.7884
Enfield,E09000010,2025,70,2477.0,0.7584
Enfield,E09000010,2025,71,2332.0,0.714
Enfield,E09000010,2025,72,2203.0,0.6745
Enfield,E09000010,2025,73,2131.0,0.6525
Enfield,E09000010,2025,74,2063.0,0.6316
Enfield,E09000010,2025,75,2026.0,0.6203
Enfield,E09000010,2025,76,1964.0,0.6013
Enfield,E09000010,2025,77,1947.0,0.5961
Enfield,E09000010,2025,78,1978.0,0.6056
Enfield,E09000010,2025,79,1677.0,0.5135
Enfield,E09000010,2025,80,1459.0,0.4467
Enfield,E09000010,2025,81,1429.0,0.4375
Enfield,E09000010,2025,82,1311.0,0.4014
Enfield,E09000010,2025,83,1226.0,0.3754
Enfield,E09000010,2025,84,1089.0,0.3334
Enfield,E09000010,2025,85,1129.0,0.3457
Enfield,E09000010,2025,86,1018.0,0.3117
Enfield,E09000010,2025,87,908.0,0.278
Enfield,E09000010,2025,88,850.0,0.2603
Enfield,E09000010,2025,89,693.0,0.2122
Enfield,E09000010,2025,90,0,0.0
Greenwich,E09000011,2025,0,3353.0,1.1179
Greenwich,E09000011,2025,1,3512.0,1.1709
Greenwich,E09000011,2025,2,3531.0,1.1772
Greenwich,E09000011,2025,3,3881.0,1.2939
Greenwich,E09000011,2025,4,3297.0,1.0992
Greenwich,E09000011,2025,5,3420.0,1.1402
Greenwich,E09000011,2025,6,3258.0,1.0862
Greenwich,E09000011,2025,7,3450.0,1.1502
Greenwich,E09000011,2025,8,3394.0,1.1315
Greenwich,E09000011,2025,9,3452.0,1.1509
Greenwich,E09000011,2025,10,3429.0,1.1432
Greenwich,E09000011,2025,11,3409.0,1.1365
Greenwich,E09000011,2025,12,3404.0,1.1349
Greenwich,E09000011,2025,13,3439.0,1.1465
Greenwich,E09000011,2025,14,3437.0,1.1459
Greenwich,E09000011,2025,15,3569.0,1.1899
Greenwich,E09000011,2025,16,3524.0,1.1749
Greenwich,E09000011,2025,17,3542.0,1.1809
Greenwich,E09000011,2025,18,3554.0,1.1849
Greenwich,E09000011,2025,19,3284.0,1.0948
Greenwich,E09000011,2025,20,3511.0,1.1705
Greenwich,E09000011,2025,21,3728.0,1.2429
Greenwich,E09000011,2025,22,4131.0,1.3772
Greenwich,E09000011,2025,23,4335.0,1.4452
Greenwich,E09000011,2025,24,4886.0,1.6289
Greenwich,E09000011,2025,25,4966.0,1.6556
Greenwich,E09000011,2025,26,5488.0,1.8296
Greenwich,E09000011,2025,27,5648.0,1.883
Greenwich,E09000011,2025,28,5685.0,1.8953
Greenwich,E09000011,2025,29,5648.0,1.883
Greenwich,E09000011,2025,30,5432.0,1.811
Greenwich,E09000011,2025,31,5737.0,1.9127
Greenwich,E09000011,2025,32,5776.0,1.9257
Greenwich,E09000011,2025,33,5895.0,1.9653
Greenwich,E09000011,2025,34,5589.0,1.8633
Greenwich,E09000011,2025,35,5582.0,1.861
Greenwich,E09000011,2025,36,5627.0,1.876
Greenwich,E09000011,2025,37,5587.0,1.8626
Greenwich,E09000011,2025,38,5037.0,1.6793
Greenwich,E09000011,2025,39,5129.0,1.71
Greenwich,E09000011,2025,40,4958.0,1.6529
Greenwich,E09000011,2025,41,4849.0,1.6166
Greenwich,E09000011,2025,42,5004.0,1.6683
Greenwich,E09000011,2025,43,4592.0,1.5309
Greenwich,E09000011,2025,44,4645.0,1.5486
Greenwich,E09000011,2025,45,4666.0,1.5556
Greenwich,E09000011,2025,46,4329.0,1.4432
Greenwich,E09000011,2025,47,4189.0,1.3966
Greenwich,E09000011,2025,48,3880.0,1.2935
Greenwich,E09000011,2025,49,3847.0,1.2825
Greenwich,E09000011,2025,50,3946.0,1.3156
Greenwich,E09000011,2025,51,3598.0,1.1995
Greenwich,E09000011,2025,52,3611.0,1.2039
Greenwich,E09000011,2025,53,3566.0,1.1889
Greenwich,E09000011,2025,54,3689.0,1.2299
Greenwich,E09000011,2025,55,3668.0,1.2229
Greenwich,E09000011,2025,56,3667.0,1.2225
Greenwich,E09000011,2025,57,3354.0,1.1182
Greenwich,E09000011,2025,58,3401.0,1.1339
Greenwich,E09000011,2025,59,3272.0,1.0908
Greenwich,E09000011,2025,60,3116.0,1.0388
Greenwich,E09000011,2025,61,2970.0,0.9902
Greenwich,E09000011,2025,62,2930.0,0.9768
Greenwich,E09000011,2025,63,2771.0,0.9238
Greenwich,E09000011,2025,64,2723.0,0.9078
Greenwich,E09000011,2025,65,2630.0,0.8768
Greenwich,E09000011,2025,66,2334.0,0.7781
Greenwich,E09000011,2025,67,2077.0,0.6924
Greenwich,E09000011,2025,68,1868.0,0.6228
Greenwich,E09000011,2025,69,1949.0,0.6498
Greenwich,E09000011,2025,70,1846.0,0.6154
Greenwich,E09000011,2025,71,1651.0,0.5504
Greenwich,E09000011,2025,72,1544.0,0.5148
Greenwich,E09000011,2025,73,1446.0,0.4821
Greenwich,E09000011,2025,74,1459.0,0.4864
Greenwich,E09000011,2025,75,1387.0,0.4624
Greenwich,E09000011,2025,76,1311.0,0.4371
Greenwich,E09000011,2025,77,1400.0,0.4667
Greenwich,E09000011,2025,78,1422.0,0.4741
Greenwich,E09000011,2025,79,1130.0,0.3767
Greenwich,E09000011,2025,80,1022.0,0.3407
Greenwich,E09000011,2025,81,1033.0,0.3444
Greenwich,E09000011,2025,82,848.0,0.2827
Greenwich,E09000011,2025,83,710.0,0.2367
Greenwich,E09000011,2025,84,659.0,0.2197
Greenwich,E09000011,2025,85,609.0,0.203
Greenwich,E09000011,2025,86,558.0,0.186
Greenwich,E09000011,2025,87,501.0,0.167
Greenwich,E09000011,2025,88,423.0,0.141
Greenwich,E09000011,2025,89,336.0,0.112
Greenwich,E09000011,2025,90,0,0.0
Hackney,E09000012,2025,0,3492.0,1.3157
Hackney,E09000012,2025,1,3332.0,1.2554
Hackney,E09000012,2025,2,3094.0,1.1657
Hackney,E09000012,2025,3,3234.0,1.2185
Hackney,E09000012,2025,4,2872.0,1.0821
Hackney,E09000012,2025,5,2782.0,1.0482
Hackney,E09000012,2025,6,2764.0,1.0414
Hackney,E09000012,2025,7,2614.0,0.9849
Hackney,E09000012,2025,8,2681.0,1.0101
Hackney,E09000012,2025,9,2829.0,1.0659
Hackney,E09000012,2025,10,2680.0,1.0097
Hackney,E09000012,2025,11,2523.0,0.9506
Hackney,E09000012,2025,12,2729.0,1.0282
Hackney,E09000012,2025,13,2810.0,1.0587
Hackney,E09000012,2025,14,2855.0,1.0757
Hackney,E09000012,2025,15,2913.0,1.0975
Hackney,E09000012,2025,16,2930.0,1.1039
Hackney,E09000012,2025,17,2925.0,1.102
Hackney,E09000012,2025,18,2801.0,1.0553
Hackney,E09000012,2025,19,2614.0,0.9849
Hackney,E09000012,2025,20,2688.0,1.0127
Hackney,E09000012,2025,21,2988.0,1.1258
Hackney,E09000012,2025,22,3569.0,1.3447
Hackney,E09000012,2025,23,4264.0,1.6065
Hackney,E09000012,2025,24,5228.0,1.9697
Hackney,E09000012,2025,25,5729.0,2.1585
Hackney,E09000012,2025,26,6395.0,2.4094
Hackney,E09000012,2025,27,7589.0,2.8593
Hackney,E09000012,2025,28,8007.0,3.0168
Hackney,E09000012,2025,29,8025.0,3.0235
Hackney,E09000012,2025,30,7947.0,2.9941
Hackney,E09000012,2025,31,7209.0,2.7161
Hackney,E09000012,2025,32,6630.0,2.4979
Hackney,E09000012,2025,33,6179.0,2.328
Hackney,E09000012,2025,34,5923.0,2.2316
Hackney,E09000012,2025,35,5512.0,2.0767
Hackney,E09000012,2025,36,5107.0,1.9241
Hackney,E09000012,2025,37,4620.0,1.7407
Hackney,E09000012,2025,38,4375.0,1.6483
Hackney,E09000012,2025,39,3987.0,1.5022
Hackney,E09000012,2025,40,3811.0,1.4358
Hackney,E09000012,2025,41,3783.0,1.4253
Hackney,E09000012,2025,42,3590.0,1.3526
Hackney,E09000012,2025,43,3403.0,1.2821
Hackney,E09000012,2025,44,3240.0,1.2207
Hackney,E09000012,2025,45,3413.0,1.2859
Hackney,E09000012,2025,46,3112.0,1.1725
Hackney,E09000012,2025,47,3008.0,1.1333
Hackney,E09000012,2025,48,3118.0,1.1748
Hackney,E09000012,2025,49,3043.0,1.1465
Hackney,E09000012,2025,50,2908.0,1.0956
Hackney,E09000012,2025,51,2834.0,1.0677
Hackney,E09000012,2025,52,2776.0,1.0459
Hackney,E09000012,2025,53,2831.0,1.0666
Hackney,E09000012,2025,54,2687.0,1.0124
Hackney,E09000012,2025,55,2769.0,1.0433
Hackney,E09000012,2025,56,2729.0,1.0282
Hackney,E09000012,2025,57,2742.0,1.0331
Hackney,E09000012,2025,58,2617.0,0.986
Hackney,E09000012,2025,59,2678.0,1.009
Hackney,E09000012,2025,60,2765.0,1.0418
Hackney,E09000012,2025,61,2500.0,0.9419
Hackney,E09000012,2025,62,2375.0,0.8948
Hackney,E09000012,2025,63,2219.0,0.836
Hackney,E09000012,2025,64,2129.0,0.8021
Hackney,E09000012,2025,65,2057.0,0.775
Hackney,E09000012,2025,66,1910.0,0.7196
Hackney,E09000012,2025,67,1659.0,0.6251
Hackney,E09000012,2025,68,1630.0,0.6141
Hackney,E09000012,2025,69,1632.0,0.6149
Hackney,E09000012,2025,70,1337.0,0.5037
Hackney,E09000012,2025,71,1262.0,0.4755
Hackney,E09000012,2025,72,1172.0,0.4416
Hackney,E09000012,2025,73,1000.0,0.3768
Hackney,E09000012,2025,74,1004.0,0.3783
Hackney,E09000012,2025,75,981.0,0.3696
Hackney,E09000012,2025,76,933.0,0.3515
Hackney,E09000012,2025,77,874.0,0.3293
Hackney,E09000012,2025,78,837.0,0.3154
Hackney,E09000012,2025,79,645.0,0.243
Hackney,E09000012,2025,80,588.0,0.2215
Hackney,E09000012,2025,81,523.0,0.197
Hackney,E09000012,2025,82,502.0,0.1891
Hackney,E09000012,2025,83,482.0,0.1816
Hackney,E09000012,2025,84,395.0,0.1488
Hackney,E09000012,2025,85,369.0,0.139
Hackney,E09000012,2025,86,322.0,0.1213
Hackney,E09000012,2025,87,271.0,0.1021
Hackney,E09000012,2025,88,264.0,0.0995
Hackney,E09000012,2025,89,244.0,0.0919
Hackney,E09000012,2025,90,0,0.0
Hammersmith and Fulham,E09000013,2025,0,1985.0,1.0481
Hammersmith and Fulham,E09000013,2025,1,1967.0,1.0386
Hammersmith and Fulham,E09000013,2025,2,1785.0,0.9425
Hammersmith and Fulham,E09000013,2025,3,1944.0,1.0265
Hammersmith and Fulham,E09000013,2025,4,1681.0,0.8876
Hammersmith and Fulham,E09000013,2025,5,1615.0,0.8528
Hammersmith and Fulham,E09000013,2025,6,1577.0,0.8327
Hammersmith and Fulham,E09000013,2025,7,1579.0,0.8338
Hammersmith and Fulham,E09000013,2025,8,1661.0,0.8771
Hammersmith and Fulham,E09000013,2025,9,1605.0,0.8475
Hammersmith and Fulham,E09000013,2025,10,1602.0,0.8459
Hammersmith and Fulham,E09000013,2025,11,1596.0,0.8427
Hammersmith and Fulham,E09000013,2025,12,1603.0,0.8464
Hammersmith and Fulham,E09000013,2025,13,1650.0,0.8712
Hammersmith and Fulham,E09000013,2025,14,1575.0,0.8316
Hammersmith and Fulham,E09000013,2025,15,1653.0,0.8728
Hammersmith and Fulham,E09000013,2025,16,1583.0,0.8359
Hammersmith and Fulham,E09000013,2025,17,1568.0,0.8279
Hammersmith and Fulham,E09000013,2025,18,1563.0,0.8253
Hammersmith and Fulham,E09000013,2025,19,1522.0,0.8037
Hammersmith and Fulham,E09000013,2025,20,2098.0,1.1078
Hammersmith and Fulham,E09000013,2025,21,2622.0,1.3845
Hammersmith and Fulham,E09000013,2025,22,3660.0,1.9326
Hammersmith and Fulham,E09000013,2025,23,4562.0,2.4089
Hammersmith and Fulham,E09000013,2025,24,5168.0,2.7288
Hammersmith and Fulham,E09000013,2025,25,5557.0,2.9342
Hammersmith and Fulham,E09000013,2025,26,5528.0,2.9189
Hammersmith and Fulham,E09000013,2025,27,5476.0,2.8915
Hammersmith and Fulham,E09000013,2025,28,5302.0,2.7996
Hammersmith and Fulham,E09000013,2025,29,5052.0,2.6676
Hammersmith and Fulham,E09000013,2025,30,4521.0,2.3872
Hammersmith and Fulham,E09000013,2025,31,4267.0,2.2531
Hammersmith and Fulham,E09000013,2025,32,3704.0,1.9558
Hammersmith and Fulham,E09000013,2025,33,3556.0,1.8777
Hammersmith and Fulham,E09000013,2025,34,3290.0,1.7372
Hammersmith and Fulham,E09000013,2025,35,3211.0,1.6955
Hammersmith and Fulham,E09000013,2025,36,3195.0,1.687
Hammersmith and Fulham,E09000013,2025,37,2988.0,1.5777
Hammersmith and Fulham,E09000013,2025,38,2871.0,1.516
Hammersmith and Fulham,E09000013,2025,39,2737.0,1.4452
Hammersmith and Fulham,E09000013,2025,40,2655.0,1.4019
Hammersmith and Fulham,E09000013,2025,41,2401.0,1.2678
Hammersmith and Fulham,E09000013,2025,42,2436.0,1.2863
Hammersmith and Fulham,E09000013,2025,43,2379.0,1.2562
Hammersmith and Fulham,E09000013,2025,44,2344.0,1.2377
Hammersmith and Fulham,E09000013,2025,45,2452.0,1.2947
Hammersmith and Fulham,E09000013,2025,46,2404.0,1.2694
Hammersmith and Fulham,E09000013,2025,47,2230.0,1.1775
Hammersmith and Fulham,E09000013,2025,48,2254.0,1.1902
Hammersmith and Fulham,E09000013,2025,49,2277.0,1.2023
Hammersmith and Fulham,E09000013,2025,50,2349.0,1.2403
Hammersmith and Fulham,E09000013,2025,51,2346.0,1.2388
Hammersmith and Fulham,E09000013,2025,52,2321.0,1.2256
Hammersmith and Fulham,E09000013,2025,53,2347.0,1.2393
Hammersmith and Fulham,E09000013,2025,54,2328.0,1.2292
Hammersmith and Fulham,E09000013,2025,55,2339.0,1.2351
Hammersmith and Fulham,E09000013,2025,56,2337.0,1.234
Hammersmith and Fulham,E09000013,2025,57,2237.0,1.1812
Hammersmith and Fulham,E09000013,2025,58,2212.0,1.168
Hammersmith and Fulham,E09000013,2025,59,2171.0,1.1463
Hammersmith and Fulham,E09000013,2025,60,2121.0,1.1199
Hammersmith and Fulham,E09000013,2025,61,1950.0,1.0297
Hammersmith and Fulham,E09000013,2025,62,1921.0,1.0143
Hammersmith and Fulham,E09000013,2025,63,1766.0,0.9325
Hammersmith and Fulham,E09000013,2025,64,1582.0,0.8353
Hammersmith and Fulham,E09000013,2025,65,1516.0,0.8005
Hammersmith and Fulham,E09000013,2025,66,1363.0,0.7197
Hammersmith and Fulham,E09000013,2025,67,1369.0,0.7229
Hammersmith and Fulham,E09000013,2025,68,1252.0,0.6611
Hammersmith and Fulham,E09000013,2025,69,1138.0,0.6009
Hammersmith and Fulham,E09000013,2025,70,1122.0,0.5924
Hammersmith and Fulham,E09000013,2025,71,1168.0,0.6167
Hammersmith and Fulham,E09000013,2025,72,968.0,0.5111
Hammersmith and Fulham,E09000013,2025,73,966.0,0.5101
Hammersmith and Fulham,E09000013,2025,74,968.0,0.5111
Hammersmith and Fulham,E09000013,2025,75,896.0,0.4731
Hammersmith and Fulham,E09000013,2025,76,878.0,0.4636
Hammersmith and Fulham,E09000013,2025,77,868.0,0.4583
Hammersmith and Fulham,E09000013,2025,78,876.0,0.4626
Hammersmith and Fulham,E09000013,2025,79,729.0,0.3849
Hammersmith and Fulham,E09000013,2025,80,651.0,0.3437
Hammersmith and Fulham,E09000013,2025,81,621.0,0.3279
Hammersmith and Fulham,E09000013,2025,82,580.0,0.3063
Hammersmith and Fulham,E09000013,2025,83,492.0,0.2598
Hammersmith and Fulham,E09000013,2025,84,445.0,0.235
Hammersmith and Fulham,E09000013,2025,85,455.0,0.2403
Hammersmith and Fulham,E09000013,2025,86,423.0,0.2234
Hammersmith and Fulham,E09000013,2025,87,305.0,0.161
Hammersmith and Fulham,E09000013,2025,88,257.0,0.1357
Hammersmith and Fulham,E09000013,2025,89,240.0,0.1267
Hammersmith and Fulham,E09000013,2025,90,0,0.0
Haringey,E09000014,2025,0,2947.0,1.1119
Haringey,E09000014,2025,1,2951.0,1.1134
Haringey,E09000014,2025,2,2894.0,1.0919
Haringey,E09000014,2025,3,2837.0,1.0704
Haringey,E09000014,2025,4,2853.0,1.0765
Haringey,E09000014,2025,5,2717.0,1.0252
Haringey,E09000014,2025,6,2732.0,1.0308
Haringey,E09000014,2025,7,2716.0,1.0248
Haringey,E09000014,2025,8,2713.0,1.0236
Haringey,E09000014,2025,9,2829.0,1.0674
Haringey,E09000014,2025,10,2784.0,1.0504
Haringey,E09000014,2025,11,2653.0,1.001
Haringey,E09000014,2025,12,2739.0,1.0335
Haringey,E09000014,2025,13,2835.0,1.0697
Haringey,E09000014,2025,14,3012.0,1.1365
Haringey,E09000014,2025,15,2912.0,1.0987
Haringey,E09000014,2025,16,2990.0,1.1282
Haringey,E09000014,2025,17,3005.0,1.1338
Haringey,E09000014,2025,18,2745.0,1.0357
Haringey,E09000014,2025,19,2184.0,0.824
Haringey,E09000014,2025,20,2279.0,0.8599
Haringey,E09000014,2025,21,2773.0,1.0463
Haringey,E09000014,2025,22,3229.0,1.2183
Haringey,E09000014,2025,23,4015.0,1.5149
Haringey,E09000014,2025,24,4572.0,1.7251
Haringey,E09000014,2025,25,4755.0,1.7941
Haringey,E09000014,2025,26,5094.0,1.922
Haringey,E09000014,2025,27,5350.0,2.0186
Haringey,E09000014,2025,28,5278.0,1.9914
Haringey,E09000014,2025,29,5129.0,1.9352
Haringey,E09000014,2025,30,5089.0,1.9201
Haringey,E09000014,2025,31,5322.0,2.008
Haringey,E09000014,2025,32,4914.0,1.8541
Haringey,E09000014,2025,33,4872.0,1.8383
Haringey,E09000014,2025,34,4822.0,1.8194
Haringey,E09000014,2025,35,4882.0,1.842
Haringey,E09000014,2025,36,4574.0,1.7258
Haringey,E09000014,2025,37,4686.0,1.7681
Haringey,E09000014,2025,38,4333.0,1.6349
Haringey,E09000014,2025,39,4426.0,1.67
Haringey,E09000014,2025,40,4392.0,1.6571
Haringey,E09000014,2025,41,4030.0,1.5206
Haringey,E09000014,2025,42,4071.0,1.536
Haringey,E09000014,2025,43,4061.0,1.5323
Haringey,E09000014,2025,44,3969.0,1.4975
Haringey,E09000014,2025,45,4141.0,1.5624
Haringey,E09000014,2025,46,3957.0,1.493
Haringey,E09000014,2025,47,3683.0,1.3896
Haringey,E09000014,2025,48,3574.0,1.3485
Haringey,E09000014,2025,49,3514.0,1.3259
Haringey,E09000014,2025,50,3726.0,1.4059
Haringey,E09000014,2025,51,3513.0,1.3255
Haringey,E09000014,2025,52,3427.0,1.293
Haringey,E09000014,2025,53,3517.0,1.327
Haringey,E09000014,2025,54,3730.0,1.4074
Haringey,E09000014,2025,55,3417.0,1.2893
Haringey,E09000014,2025,56,3543.0,1.3368
Haringey,E09000014,2025,57,3428.0,1.2934
Haringey,E09000014,2025,58,3352.0,1.2647
Haringey,E09000014,2025,59,3338.0,1.2595
Haringey,E09000014,2025,60,3196.0,1.2059
Haringey,E09000014,2025,61,3060.0,1.1546
Haringey,E09000014,2025,62,2872.0,1.0836
Haringey,E09000014,2025,63,2749.0,1.0372
Haringey,E09000014,2025,64,2447.0,0.9233
Haringey,E09000014,2025,65,2404.0,0.9071
Haringey,E09000014,2025,66,2098.0,0.7916
Haringey,E09000014,2025,67,1994.0,0.7524
Haringey,E09000014,2025,68,1931.0,0.7286
Haringey,E09000014,2025,69,1804.0,0.6807
Haringey,E09000014,2025,70,1736.0,0.655
Haringey,E09000014,2025,71,1546.0,0.5833
Haringey,E09000014,2025,72,1536.0,0.5795
Haringey,E09000014,2025,73,1460.0,0.5509
Haringey,E09000014,2025,74,1360.0,0.5131
Haringey,E09000014,2025,75,1306.0,0.4928
Haringey,E09000014,2025,76,1317.0,0.4969
Haringey,E09000014,2025,77,1175.0,0.4433
Haringey,E09000014,2025,78,1172.0,0.4422
Haringey,E09000014,2025,79,937.0,0.3535
Haringey,E09000014,2025,80,922.0,0.3479
Haringey,E09000014,2025,81,889.0,0.3354
Haringey,E09000014,2025,82,746.0,0.2815
Haringey,E09000014,2025,83,640.0,0.2415
Haringey,E09000014,2025,84,567.0,0.2139
Haringey,E09000014,2025,85,551.0,0.2079
Haringey,E09000014,2025,86,534.0,0.2015
Haringey,E09000014,2025,87,486.0,0.1834
Haringey,E09000014,2025,88,394.0,0.1487
Haringey,E09000014,2025,89,380.0,0.1434
Haringey,E09000014,2025,90,0,0.0
Harrow,E09000015,2025,0,3302.0,1.2216
Harrow,E09000015,2025,1,3146.0,1.1639
Harrow,E09000015,2025,2,3174.0,1.1743
Harrow,E09000015,2025,3,3446.0,1.2749
Harrow,E09000015,2025,4,2999.0,1.1095
Harrow,E09000015,2025,5,3256.0,1.2046
Harrow,E09000015,2025,6,3082.0,1.1403
Harrow,E09000015,2025,7,3154.0,1.1669
Harrow,E09000015,2025,8,3149.0,1.165
Harrow,E09000015,2025,9,3217.0,1.1902
Harrow,E09000015,2025,10,3159.0,1.1687
Harrow,E09000015,2025,11,3107.0,1.1495
Harrow,E09000015,2025,12,3278.0,1.2128
Harrow,E09000015,2025,13,3154.0,1.1669
Harrow,E09000015,2025,14,3392.0,1.2549
Harrow,E09000015,2025,15,3389.0,1.2538
Harrow,E09000015,2025,16,3454.0,1.2779
Harrow,E09000015,2025,17,3502.0,1.2956
Harrow,E09000015,2025,18,3077.0,1.1384
Harrow,E09000015,2025,19,2133.0,0.7891
Harrow,E09000015,2025,20,2513.0,0.9297
Harrow,E09000015,2025,21,2716.0,1.0048
Harrow,E09000015,2025,22,3221.0,1.1917
Harrow,E09000015,2025,23,3765.0,1.3929
Harrow,E09000015,2025,24,4012.0,1.4843
Harrow,E09000015,2025,25,4392.0,1.6249
Harrow,E09000015,2025,26,4473.0,1.6549
Harrow,E09000015,2025,27,4814.0,1.781
Harrow,E09000015,2025,28,4487.0,1.6601
Harrow,E09000015,2025,29,4463.0,1.6512
Harrow,E09000015,2025,30,4226.0,1.5635
Harrow,E09000015,2025,31,4245.0,1.5705
Harrow,E09000015,2025,32,3949.0,1.461
Harrow,E09000015,2025,33,4096.0,1.5154
Harrow,E09000015,2025,34,3947.0,1.4603
Harrow,E09000015,2025,35,4239.0,1.5683
Harrow,E09000015,2025,36,4143.0,1.5328
Harrow,E09000015,2025,37,4192.0,1.5509
Harrow,E09000015,2025,38,4031.0,1.4914
Harrow,E09000015,2025,39,4139.0,1.5313
Harrow,E09000015,2025,40,4334.0,1.6035
Harrow,E09000015,2025,41,3908.0,1.4458
Harrow,E09000015,2025,42,4039.0,1.4943
Harrow,E09000015,2025,43,4120.0,1.5243
Harrow,E09000015,2025,44,4065.0,1.5039
Harrow,E09000015,2025,45,3868.0,1.4311
Harrow,E09000015,2025,46,3989.0,1.4758
Harrow,E09000015,2025,47,3726.0,1.3785
Harrow,E09000015,2025,48,3624.0,1.3408
Harrow,E09000015,2025,49,3449.0,1.276
Harrow,E09000015,2025,50,3459.0,1.2797
Harrow,E09000015,2025,51,3236.0,1.1972
Harrow,E09000015,2025,52,3283.0,1.2146
Harrow,E09000015,2025,53,3145.0,1.1636
Harrow,E09000015,2025,54,3071.0,1.1362
Harrow,E09000015,2025,55,3303.0,1.222
Harrow,E09000015,2025,56,3327.0,1.2309
Harrow,E09000015,2025,57,3028.0,1.1203
Harrow,E09000015,2025,58,2945.0,1.0896
Harrow,E09000015,2025,59,2942.0,1.0885
Harrow,E09000015,2025,60,2878.0,1.0648
Harrow,E09000015,2025,61,2885.0,1.0674
Harrow,E09000015,2025,62,2838.0,1.05
Harrow,E09000015,2025,63,2837.0,1.0496
Harrow,E09000015,2025,64,2820.0,1.0433
Harrow,E09000015,2025,65,2769.0,1.0245
Harrow,E09000015,2025,66,2671.0,0.9882
Harrow,E09000015,2025,67,2426.0,0.8976
Harrow,E09000015,2025,68,2401.0,0.8883
Harrow,E09000015,2025,69,2429.0,0.8987
Harrow,E09000015,2025,70,2371.0,0.8772
Harrow,E09000015,2025,71,2119.0,0.784
Harrow,E09000015,2025,72,2093.0,0.7744
Harrow,E09000015,2025,73,1997.0,0.7388
Harrow,E09000015,2025,74,1900.0,0.7029
Harrow,E09000015,2025,75,1830.0,0.677
Harrow,E09000015,2025,76,1752.0,0.6482
Harrow,E09000015,2025,77,1746.0,0.646
Harrow,E09000015,2025,78,1778.0,0.6578
Harrow,E09000015,2025,79,1510.0,0.5587
Harrow,E09000015,2025,80,1355.0,0.5013
Harrow,E09000015,2025,81,1329.0,0.4917
Harrow,E09000015,2025,82,1181.0,0.4369
Harrow,E09000015,2025,83,1040.0,0.3848
Harrow,E09000015,2025,84,841.0,0.3111
Harrow,E09000015,2025,85,970.0,0.3589
Harrow,E09000015,2025,86,939.0,0.3474
Harrow,E09000015,2025,87,767.0,0.2838
Harrow,E09000015,2025,88,703.0,0.2601
Harrow,E09000015,2025,89,622.0,0.2301
Harrow,E09000015,2025,90,0,0.0
Havering,E09000016,2025,0,3077.0,1.1072
Havering,E09000016,2025,1,3449.0,1.241
Havering,E09000016,2025,2,3422.0,1.2313
Havering,E09000016,2025,3,3524.0,1.268
Havering,E09000016,2025,4,3541.0,1.2741
Havering,E09000016,2025,5,3730.0,1.3421
Havering,E09000016,2025,6,3740.0,1.3457
Havering,E09000016,2025,7,3710.0,1.3349
Havering,E09000016,2025,8,3762.0,1.3537
Havering,E09000016,2025,9,3882.0,1.3968
Havering,E09000016,2025,10,3631.0,1.3065
Havering,E09000016,2025,11,3581.0,1.2885
Havering,E09000016,2025,12,3551.0,1.2777
Havering,E09000016,2025,13,3555.0,1.2792
Havering,E09000016,2025,14,3474.0,1.25
Havering,E09000016,2025,15,3430.0,1.2342
Havering,E09000016,2025,16,3375.0,1.2144
Havering,E09000016,2025,17,3503.0,1.2605
Havering,E09000016,2025,18,3245.0,1.1676
Havering,E09000016,2025,19,2430.0,0.8744
Havering,E09000016,2025,20,2519.0,0.9064
Havering,E09000016,2025,21,2474.0,0.8902
Havering,E09000016,2025,22,2707.0,0.974
Havering,E09000016,2025,23,3139.0,1.1295
Havering,E09000016,2025,24,3277.0,1.1791
Havering,E09000016,2025,25,3486.0,1.2543
Havering,E09000016,2025,26,3621.0,1.3029
Havering,E09000016,2025,27,3614.0,1.3004
Havering,E09000016,2025,28,3669.0,1.3202
Havering,E09000016,2025,29,3801.0,1.3677
Havering,E09000016,2025,30,3832.0,1.3788
Havering,E09000016,2025,31,3751.0,1.3497
Havering,E09000016,2025,32,3876.0,1.3947
Havering,E09000016,2025,33,4157.0,1.4958
Havering,E09000016,2025,34,4303.0,1.5483
Havering,E09000016,2025,35,4388.0,1.5789
Havering,E09000016,2025,36,4436.0,1.5962
Havering,E09000016,2025,37,4530.0,1.63
Havering,E09000016,2025,38,4484.0,1.6134
Havering,E09000016,2025,39,4391.0,1.58
Havering,E09000016,2025,40,4409.0,1.5865
Havering,E09000016,2025,41,4274.0,1.5379
Havering,E09000016,2025,42,4224.0,1.5199
Havering,E09000016,2025,43,3987.0,1.4346
Havering,E09000016,2025,44,4182.0,1.5048
Havering,E09000016,2025,45,4067.0,1.4634
Havering,E09000016,2025,46,3701.0,1.3317
Havering,E09000016,2025,47,3470.0,1.2486
Havering,E09000016,2025,48,3431.0,1.2346
Havering,E09000016,2025,49,3469.0,1.2482
Havering,E09000016,2025,50,3356.0,1.2076
Havering,E09000016,2025,51,3229.0,1.1619
Havering,E09000016,2025,52,3167.0,1.1396
Havering,E09000016,2025,53,3291.0,1.1842
Havering,E09000016,2025,54,3448.0,1.2407
Havering,E09000016,2025,55,3332.0,1.1989
Havering,E09000016,2025,56,3394.0,1.2212
Havering,E09000016,2025,57,3368.0,1.2119
Havering,E09000016,2025,58,3368.0,1.2119
Havering,E09000016,2025,59,3353.0,1.2065
Havering,E09000016,2025,60,3261.0,1.1734
Havering,E09000016,2025,61,3318.0,1.1939
Havering,E09000016,2025,62,3147.0,1.1324
Havering,E09000016,2025,63,2996.0,1.078
Havering,E09000016,2025,64,2982.0,1.073
Havering,E09000016,2025,65,2795.0,1.0057
Havering,E09000016,2025,66,2798.0,1.0068
Havering,E09000016,2025,67,2761.0,0.9935
Havering,E09000016,2025,68,2473.0,0.8898
Havering,E09000016,2025,69,2271.0,0.8172
Havering,E09000016,2025,70,2241.0,0.8064
Havering,E09000016,2025,71,2270.0,0.8168
Havering,E09000016,2025,72,2012.0,0.724
Havering,E09000016,2025,73,2102.0,0.7563
Havering,E09000016,2025,74,2105.0,0.7574
Havering,E09000016,2025,75,2054.0,0.7391
Havering,E09000016,2025,76,2058.0,0.7405
Havering,E09000016,2025,77,2146.0,0.7722
Havering,E09000016,2025,78,2407.0,0.8661
Havering,E09000016,2025,79,1803.0,0.6488
Havering,E09000016,2025,80,1624.0,0.5844
Havering,E09000016,2025,81,1542.0,0.5548
Havering,E09000016,2025,82,1430.0,0.5145
Havering,E09000016,2025,83,1242.0,0.4469
Havering,E09000016,2025,84,991.0,0.3566
Havering,E09000016,2025,85,1041.0,0.3746
Havering,E09000016,2025,86,950.0,0.3418
Havering,E09000016,2025,87,932.0,0.3354
Havering,E09000016,2025,88,856.0,0.308
Havering,E09000016,2025,89,719.0,0.2587
Havering,E09000016,2025,90,0,0.0
Hillingdon,E09000017,2025,0,4115.0,1.2688
Hillingdon,E09000017,2025,1,4089.0,1.2608
Hillingdon,E09000017,2025,2,4184.0,1.2901
Hillingdon,E09000017,2025,3,4292.0,1.3234
Hillingdon,E09000017,2025,4,4017.0,1.2386
Hillingdon,E09000017,2025,5,3841.0,1.1844
Hillingdon,E09000017,2025,6,4012.0,1.2371
Hillingdon,E09000017,2025,7,3918.0,1.2081
Hillingdon,E09000017,2025,8,4051.0,1.2491
Hillingdon,E09000017,2025,9,4007.0,1.2355
Hillingdon,E09000017,2025,10,4006.0,1.2352
Hillingdon,E09000017,2025,11,3892.0,1.2001
Hillingdon,E09000017,2025,12,3879.0,1.1961
Hillingdon,E09000017,2025,13,4055.0,1.2503
Hillingdon,E09000017,2025,14,4028.0,1.242
Hillingdon,E09000017,2025,15,3958.0,1.2204
Hillingdon,E09000017,2025,16,4094.0,1.2624
Hillingdon,E09000017,2025,17,4204.0,1.2963
Hillingdon,E09000017,2025,18,3920.0,1.2087
Hillingdon,E09000017,2025,19,3636.0,1.1211
Hillingdon,E09000017,2025,20,3875.0,1.1948
Hillingdon,E09000017,2025,21,4388.0,1.353
Hillingdon,E09000017,2025,22,4789.0,1.4767
Hillingdon,E09000017,2025,23,5148.0,1.5874
Hillingdon,E09000017,2025,24,5039.0,1.5538
Hillingdon,E09000017,2025,25,5042.0,1.5547
Hillingdon,E09000017,2025,26,5047.0,1.5562
Hillingdon,E09000017,2025,27,5145.0,1.5864
Hillingdon,E09000017,2025,28,4938.0,1.5226
Hillingdon,E09000017,2025,29,4937.0,1.5223
Hillingdon,E09000017,2025,30,5102.0,1.5732
Hillingdon,E09000017,2025,31,4792.0,1.4776
Hillingdon,E09000017,2025,32,5083.0,1.5673
Hillingdon,E09000017,2025,33,5081.0,1.5667
Hillingdon,E09000017,2025,34,5033.0,1.5519
Hillingdon,E09000017,2025,35,5270.0,1.625
Hillingdon,E09000017,2025,36,5050.0,1.5571
Hillingdon,E09000017,2025,37,5147.0,1.5871
Hillingdon,E09000017,2025,38,5201.0,1.6037
Hillingdon,E09000017,2025,39,5139.0,1.5846
Hillingdon,E09000017,2025,40,5208.0,1.6059
Hillingdon,E09000017,2025,41,5037.0,1.5531
Hillingdon,E09000017,2025,42,5043.0,1.555
Hillingdon,E09000017,2025,43,4887.0,1.5069
Hillingdon,E09000017,2025,44,4963.0,1.5303
Hillingdon,E09000017,2025,45,5025.0,1.5494
Hillingdon,E09000017,2025,46,4827.0,1.4884
Hillingdon,E09000017,2025,47,4351.0,1.3416
Hillingdon,E09000017,2025,48,4102.0,1.2648
Hillingdon,E09000017,2025,49,4223.0,1.3021
Hillingdon,E09000017,2025,50,3886.0,1.1982
Hillingdon,E09000017,2025,51,4118.0,1.2698
Hillingdon,E09000017,2025,52,3973.0,1.2251
Hillingdon,E09000017,2025,53,3748.0,1.1557
Hillingdon,E09000017,2025,54,4083.0,1.259
Hillingdon,E09000017,2025,55,3994.0,1.2315
Hillingdon,E09000017,2025,56,3539.0,1.0912
Hillingdon,E09000017,2025,57,3795.0,1.1702
Hillingdon,E09000017,2025,58,3872.0,1.1939
Hillingdon,E09000017,2025,59,3684.0,1.1359
Hillingdon,E09000017,2025,60,3407.0,1.0505
Hillingdon,E09000017,2025,61,3484.0,1.0743
Hillingdon,E09000017,2025,62,3309.0,1.0203
Hillingdon,E09000017,2025,63,3209.0,0.9895
Hillingdon,E09000017,2025,64,3112.0,0.9596
Hillingdon,E09000017,2025,65,2971.0,0.9161
Hillingdon,E09000017,2025,66,2831.0,0.8729
Hillingdon,E09000017,2025,67,2459.0,0.7582
Hillingdon,E09000017,2025,68,2414.0,0.7443
Hillingdon,E09000017,2025,69,2423.0,0.7471
Hillingdon,E09000017,2025,70,2307.0,0.7114
Hillingdon,E09000017,2025,71,2153.0,0.6639
Hillingdon,E09000017,2025,72,2022.0,0.6235
Hillingdon,E09000017,2025,73,1946.0,0.6
Hillingdon,E09000017,2025,74,1740.0,0.5365
Hillingdon,E09000017,2025,75,1876.0,0.5785
Hillingdon,E09000017,2025,76,1844.0,0.5686
Hillingdon,E09000017,2025,77,1873.0,0.5775
Hillingdon,E09000017,2025,78,1976.0,0.6093
Hillingdon,E09000017,2025,79,1487.0,0.4585
Hillingdon,E09000017,2025,80,1308.0,0.4033
Hillingdon,E09000017,2025,81,1318.0,0.4064
Hillingdon,E09000017,2025,82,1188.0,0.3663
Hillingdon,E09000017,2025,83,1057.0,0.3259
Hillingdon,E09000017,2025,84,931.0,0.2871
Hillingdon,E09000017,2025,85,922.0,0.2843
Hillingdon,E09000017,2025,86,832.0,0.2565
Hillingdon,E09000017,2025,87,830.0,0.2559
Hillingdon,E09000017,2025,88,664.0,0.2047
Hillingdon,E09000017,2025,89,616.0,0.1899
Hillingdon,E09000017,2025,90,0,0.0
Hounslow,E09000018,2025,0,3625.0,1.2173
Hounslow,E09000018,2025,1,3613.0,1.2132
Hounslow,E09000018,2025,2,3433.0,1.1528
Hounslow,E09000018,2025,3,3500.0,1.1753
Hounslow,E09000018,2025,4,3295.0,1.1065
Hounslow,E09000018,2025,5,3489.0,1.1716
Hounslow,E09000018,2025,6,3445.0,1.1568
Hounslow,E09000018,2025,7,3417.0,1.1474
Hounslow,E09000018,2025,8,3445.0,1.1568
Hounslow,E09000018,2025,9,3657.0,1.228
Hounslow,E09000018,2025,10,3538.0,1.188
Hounslow,E09000018,2025,11,3529.0,1.185
Hounslow,E09000018,2025,12,3545.0,1.1904
Hounslow,E09000018,2025,13,3723.0,1.2502
Hounslow,E09000018,2025,14,3834.0,1.2874
Hounslow,E09000018,2025,15,3601.0,1.2092
Hounslow,E09000018,2025,16,3694.0,1.2404
Hounslow,E09000018,2025,17,3786.0,1.2713
Hounslow,E09000018,2025,18,3516.0,1.1807
Hounslow,E09000018,2025,19,3039.0,1.0205
Hounslow,E09000018,2025,20,2941.0,0.9876
Hounslow,E09000018,2025,21,3322.0,1.1155
Hounslow,E09000018,2025,22,3820.0,1.2827
Hounslow,E09000018,2025,23,4328.0,1.4533
Hounslow,E09000018,2025,24,4623.0,1.5524
Hounslow,E09000018,2025,25,4681.0,1.5719
Hounslow,E09000018,2025,26,4961.0,1.6659
Hounslow,E09000018,2025,27,5173.0,1.7371
Hounslow,E09000018,2025,28,5167.0,1.7351
Hounslow,E09000018,2025,29,4852.0,1.6293
Hounslow,E09000018,2025,30,4637.0,1.5571
Hounslow,E09000018,2025,31,4651.0,1.5618
Hounslow,E09000018,2025,32,4644.0,1.5594
Hounslow,E09000018,2025,33,4655.0,1.5631
Hounslow,E09000018,2025,34,4562.0,1.5319
Hounslow,E09000018,2025,35,4781.0,1.6054
Hounslow,E09000018,2025,36,4906.0,1.6474
Hounslow,E09000018,2025,37,5080.0,1.7058
Hounslow,E09000018,2025,38,4909.0,1.6484
Hounslow,E09000018,2025,39,4967.0,1.6679
Hounslow,E09000018,2025,40,4917.0,1.6511
Hounslow,E09000018,2025,41,4695.0,1.5766
Hounslow,E09000018,2025,42,4857.0,1.631
Hounslow,E09000018,2025,43,4768.0,1.6011
Hounslow,E09000018,2025,44,4616.0,1.55
Hounslow,E09000018,2025,45,4959.0,1.6652
Hounslow,E09000018,2025,46,4519.0,1.5175
Hounslow,E09000018,2025,47,4460.0,1.4977
Hounslow,E09000018,2025,48,4368.0,1.4668
Hounslow,E09000018,2025,49,4096.0,1.3754
Hounslow,E09000018,2025,50,4132.0,1.3875
Hounslow,E09000018,2025,51,4016.0,1.3486
Hounslow,E09000018,2025,52,3982.0,1.3371
Hounslow,E09000018,2025,53,3894.0,1.3076
Hounslow,E09000018,2025,54,3885.0,1.3046
Hounslow,E09000018,2025,55,3842.0,1.2901
Hounslow,E09000018,2025,56,3558.0,1.1948
Hounslow,E09000018,2025,57,3656.0,1.2277
Hounslow,E09000018,2025,58,3399.0,1.1414
Hounslow,E09000018,2025,59,3425.0,1.1501
Hounslow,E09000018,2025,60,3347.0,1.1239
Hounslow,E09000018,2025,61,3170.0,1.0645
Hounslow,E09000018,2025,62,3059.0,1.0272
Hounslow,E09000018,2025,63,2856.0,0.959
Hounslow,E09000018,2025,64,2771.0,0.9305
Hounslow,E09000018,2025,65,2666.0,0.8952
Hounslow,E09000018,2025,66,2525.0,0.8479
Hounslow,E09000018,2025,67,2272.0,0.7629
Hounslow,E09000018,2025,68,2160.0,0.7253
Hounslow,E09000018,2025,69,2083.0,0.6995
Hounslow,E09000018,2025,70,2056.0,0.6904
Hounslow,E09000018,2025,71,1841.0,0.6182
Hounslow,E09000018,2025,72,1968.0,0.6608
Hounslow,E09000018,2025,73,1820.0,0.6112
Hounslow,E09000018,2025,74,1670.0,0.5608
Hounslow,E09000018,2025,75,1647.0,0.5531
Hounslow,E09000018,2025,76,1566.0,0.5259
Hounslow,E09000018,2025,77,1546.0,0.5191
Hounslow,E09000018,2025,78,1470.0,0.4936
Hounslow,E09000018,2025,79,1171.0,0.3932
Hounslow,E09000018,2025,80,1169.0,0.3925
Hounslow,E09000018,2025,81,1072.0,0.36
Hounslow,E09000018,2025,82,879.0,0.2952
Hounslow,E09000018,2025,83,889.0,0.2985
Hounslow,E09000018,2025,84,740.0,0.2485
Hounslow,E09000018,2025,85,757.0,0.2542
Hounslow,E09000018,2025,86,649.0,0.2179
Hounslow,E09000018,2025,87,607.0,0.2038
Hounslow,E09000018,2025,88,500.0,0.1679
Hounslow,E09000018,2025,89,445.0,0.1494
Hounslow,E09000018,2025,90,0,0.0
Islington,E09000019,2025,0,2271.0,1.0151
Islington,E09000019,2025,1,2092.0,0.9351
Islington,E09000019,2025,2,2052.0,0.9172
Islington,E09000019,2025,3,2092.0,0.9351
Islington,E09000019,2025,4,1870.0,0.8359
Islington,E09000019,2025,5,1727.0,0.7719
Islington,E09000019,2025,6,1787.0,0.7988
Islington,E09000019,2025,7,1843.0,0.8238
Islington,E09000019,2025,8,1836.0,0.8207
Islington,E09000019,2025,9,1834.0,0.8198
Islington,E09000019,2025,10,1783.0,0.797
Islington,E09000019,2025,11,1751.0,0.7827
Islington,E09000019,2025,12,1765.0,0.7889
Islington,E09000019,2025,13,1801.0,0.805
Islington,E09000019,2025,14,1870.0,0.8359
Islington,E09000019,2025,15,1937.0,0.8658
Islington,E09000019,2025,16,1845.0,0.8247
Islington,E09000019,2025,17,1948.0,0.8707
Islington,E09000019,2025,18,2323.0,1.0383
Islington,E09000019,2025,19,3595.0,1.6069
Islington,E09000019,2025,20,3872.0,1.7307
Islington,E09000019,2025,21,3987.0,1.7821
Islington,E09000019,2025,22,4573.0,2.0441
Islington,E09000019,2025,23,5058.0,2.2608
Islington,E09000019,2025,24,5160.0,2.3064
Islington,E09000019,2025,25,5477.0,2.4481
Islington,E09000019,2025,26,5869.0,2.6233
Islington,E09000019,2025,27,6475.0,2.8942
Islington,E09000019,2025,28,6700.0,2.9948
Islington,E09000019,2025,29,6974.0,3.1173
Islington,E09000019,2025,30,6541.0,2.9237
Islington,E09000019,2025,31,6191.0,2.7673
Islington,E09000019,2025,32,5477.0,2.4481
Islington,E09000019,2025,33,5188.0,2.3189
Islington,E09000019,2025,34,4790.0,2.1411
Islington,E09000019,2025,35,4428.0,1.9792
Islington,E09000019,2025,36,3768.0,1.6842
Islington,E09000019,2025,37,3628.0,1.6217
Islington,E09000019,2025,38,3554.0,1.5886
Islington,E09000019,2025,39,3354.0,1.4992
Islington,E09000019,2025,40,3201.0,1.4308
Islington,E09000019,2025,41,2935.0,1.3119
Islington,E09000019,2025,42,2727.0,1.2189
Islington,E09000019,2025,43,2628.0,1.1747
Islington,E09000019,2025,44,2749.0,1.2288
Islington,E09000019,2025,45,2764.0,1.2355
Islington,E09000019,2025,46,2525.0,1.1286
Islington,E09000019,2025,47,2316.0,1.0352
Islington,E09000019,2025,48,2382.0,1.0647
Islington,E09000019,2025,49,2360.0,1.0549
Islington,E09000019,2025,50,2417.0,1.0804
Islington,E09000019,2025,51,2372.0,1.0602
Islington,E09000019,2025,52,2333.0,1.0428
Islington,E09000019,2025,53,2224.0,0.9941
Islington,E09000019,2025,54,2371.0,1.0598
Islington,E09000019,2025,55,2471.0,1.1045
Islington,E09000019,2025,56,2374.0,1.0611
Islington,E09000019,2025,57,2357.0,1.0535
Islington,E09000019,2025,58,2296.0,1.0263
Islington,E09000019,2025,59,2511.0,1.1224
Islington,E09000019,2025,60,2294.0,1.0254
Islington,E09000019,2025,61,2254.0,1.0075
Islington,E09000019,2025,62,2197.0,0.982
Islington,E09000019,2025,63,2052.0,0.9172
Islington,E09000019,2025,64,1878.0,0.8394
Islington,E09000019,2025,65,1809.0,0.8086
Islington,E09000019,2025,66,1667.0,0.7451
Islington,E09000019,2025,67,1420.0,0.6347
Islington,E09000019,2025,68,1346.0,0.6016
Islington,E09000019,2025,69,1330.0,0.5945
Islington,E09000019,2025,70,1174.0,0.5248
Islington,E09000019,2025,71,1167.0,0.5216
Islington,E09000019,2025,72,1068.0,0.4774
Islington,E09000019,2025,73,1055.0,0.4716
Islington,E09000019,2025,74,933.0,0.417
Islington,E09000019,2025,75,987.0,0.4412
Islington,E09000019,2025,76,909.0,0.4063
Islington,E09000019,2025,77,1001.0,0.4474
Islington,E09000019,2025,78,893.0,0.3992
Islington,E09000019,2025,79,682.0,0.3048
Islington,E09000019,2025,80,659.0,0.2946
Islington,E09000019,2025,81,596.0,0.2664
Islington,E09000019,2025,82,533.0,0.2382
Islington,E09000019,2025,83,441.0,0.1971
Islington,E09000019,2025,84,415.0,0.1855
Islington,E09000019,2025,85,398.0,0.1779
Islington,E09000019,2025,86,328.0,0.1466
Islington,E09000019,2025,87,321.0,0.1435
Islington,E09000019,2025,88,257.0,0.1149
Islington,E09000019,2025,89,259.0,0.1158
Islington,E09000019,2025,90,0,0.0
Kensington and Chelsea,E09000020,2025,0,1330.0,0.9193
Kensington and Chelsea,E09000020,2025,1,1274.0,0.8806
Kensington and Chelsea,E09000020,2025,2,1287.0,0.8896
Kensington and Chelsea,E09000020,2025,3,1331.0,0.92
Kensington and Chelsea,E09000020,2025,4,1199.0,0.8288
Kensington and Chelsea,E09000020,2025,5,1088.0,0.7521
Kensington and Chelsea,E09000020,2025,6,1185.0,0.8191
Kensington and Chelsea,E09000020,2025,7,1096.0,0.7576
Kensington and Chelsea,E09000020,2025,8,1233.0,0.8523
Kensington and Chelsea,E09000020,2025,9,1153.0,0.797
Kensington and Chelsea,E09000020,2025,10,1174.0,0.8115
Kensington and Chelsea,E09000020,2025,11,1158.0,0.8005
Kensington and Chelsea,E09000020,2025,12,1119.0,0.7735
Kensington and Chelsea,E09000020,2025,13,1054.0,0.7286
Kensington and Chelsea,E09000020,2025,14,978.0,0.676
Kensington and Chelsea,E09000020,2025,15,949.0,0.656
Kensington and Chelsea,E09000020,2025,16,1002.0,0.6926
Kensington and Chelsea,E09000020,2025,17,1069.0,0.7389
Kensington and Chelsea,E09000020,2025,18,1018.0,0.7037
Kensington and Chelsea,E09000020,2025,19,1107.0,0.7652
Kensington and Chelsea,E09000020,2025,20,1563.0,1.0804
Kensington and Chelsea,E09000020,2025,21,2003.0,1.3845
Kensington and Chelsea,E09000020,2025,22,2576.0,1.7806
Kensington and Chelsea,E09000020,2025,23,2985.0,2.0633
Kensington and Chelsea,E09000020,2025,24,3378.0,2.335
Kensington and Chelsea,E09000020,2025,25,3213.0,2.2209
Kensington and Chelsea,E09000020,2025,26,3484.0,2.4083
Kensington and Chelsea,E09000020,2025,27,3322.0,2.2963
Kensington and Chelsea,E09000020,2025,28,3288.0,2.2728
Kensington and Chelsea,E09000020,2025,29,3048.0,2.1069
Kensington and Chelsea,E09000020,2025,30,2727.0,1.885
Kensington and Chelsea,E09000020,2025,31,2680.0,1.8525
Kensington and Chelsea,E09000020,2025,32,2511.0,1.7357
Kensington and Chelsea,E09000020,2025,33,2247.0,1.5532
Kensington and Chelsea,E09000020,2025,34,1935.0,1.3375
Kensington and Chelsea,E09000020,2025,35,2040.0,1.4101
Kensington and Chelsea,E09000020,2025,36,1871.0,1.2933
Kensington and Chelsea,E09000020,2025,37,2159.0,1.4924
Kensington and Chelsea,E09000020,2025,38,2052.0,1.4184
Kensington and Chelsea,E09000020,2025,39,1928.0,1.3327
Kensington and Chelsea,E09000020,2025,40,1910.0,1.3203
Kensington and Chelsea,E09000020,2025,41,1715.0,1.1855
Kensington and Chelsea,E09000020,2025,42,1875.0,1.2961
Kensington and Chelsea,E09000020,2025,43,1768.0,1.2221
Kensington and Chelsea,E09000020,2025,44,1802.0,1.2456
Kensington and Chelsea,E09000020,2025,45,1885.0,1.303
Kensington and Chelsea,E09000020,2025,46,1683.0,1.1634
Kensington and Chelsea,E09000020,2025,47,1725.0,1.1924
Kensington and Chelsea,E09000020,2025,48,1697.0,1.173
Kensington and Chelsea,E09000020,2025,49,1887.0,1.3044
Kensington and Chelsea,E09000020,2025,50,1925.0,1.3306
Kensington and Chelsea,E09000020,2025,51,2000.0,1.3825
Kensington and Chelsea,E09000020,2025,52,1940.0,1.341
Kensington and Chelsea,E09000020,2025,53,1963.0,1.3569
Kensington and Chelsea,E09000020,2025,54,2163.0,1.4951
Kensington and Chelsea,E09000020,2025,55,2026.0,1.4004
Kensington and Chelsea,E09000020,2025,56,2247.0,1.5532
Kensington and Chelsea,E09000020,2025,57,2228.0,1.5401
Kensington and Chelsea,E09000020,2025,58,2092.0,1.4461
Kensington and Chelsea,E09000020,2025,59,2175.0,1.5034
Kensington and Chelsea,E09000020,2025,60,1993.0,1.3776
Kensington and Chelsea,E09000020,2025,61,2013.0,1.3915
Kensington and Chelsea,E09000020,2025,62,2062.0,1.4253
Kensington and Chelsea,E09000020,2025,63,1911.0,1.321
Kensington and Chelsea,E09000020,2025,64,1749.0,1.209
Kensington and Chelsea,E09000020,2025,65,1594.0,1.1018
Kensington and Chelsea,E09000020,2025,66,1471.0,1.0168
Kensington and Chelsea,E09000020,2025,67,1459.0,1.0085
Kensington and Chelsea,E09000020,2025,68,1336.0,0.9235
Kensington and Chelsea,E09000020,2025,69,1240.0,0.8571
Kensington and Chelsea,E09000020,2025,70,1172.0,0.8101
Kensington and Chelsea,E09000020,2025,71,1182.0,0.817
Kensington and Chelsea,E09000020,2025,72,1033.0,0.714
Kensington and Chelsea,E09000020,2025,73,946.0,0.6539
Kensington and Chelsea,E09000020,2025,74,1047.0,0.7237
Kensington and Chelsea,E09000020,2025,75,1031.0,0.7127
Kensington and Chelsea,E09000020,2025,76,976.0,0.6746
Kensington and Chelsea,E09000020,2025,77,991.0,0.685
Kensington and Chelsea,E09000020,2025,78,970.0,0.6705
Kensington and Chelsea,E09000020,2025,79,837.0,0.5786
Kensington and Chelsea,E09000020,2025,80,805.0,0.5564
Kensington and Chelsea,E09000020,2025,81,729.0,0.5039
Kensington and Chelsea,E09000020,2025,82,672.0,0.4645
Kensington and Chelsea,E09000020,2025,83,591.0,0.4085
Kensington and Chelsea,E09000020,2025,84,502.0,0.347
Kensington and Chelsea,E09000020,2025,85,511.0,0.3532
Kensington and Chelsea,E09000020,2025,86,441.0,0.3048
Kensington and Chelsea,E09000020,2025,87,361.0,0.2495
Kensington and Chelsea,E09000020,2025,88,338.0,0.2336
Kensington and Chelsea,E09000020,2025,89,185.0,0.1279
Kensington and Chelsea,E09000020,2025,90,0,0.0
Kingston upon Thames,E09000021,2025,0,1611.0,0.9408
Kingston upon Thames,E09000021,2025,1,1643.0,0.9594
Kingston upon Thames,E09000021,2025,2,1698.0,0.9916
Kingston upon Thames,E09000021,2025,3,1838.0,1.0733
Kingston upon Thames,E09000021,2025,4,1771.0,1.0342
Kingston upon Thames,E09000021,2025,5,1814.0,1.0593
Kingston upon Thames,E09000021,2025,6,1903.0,1.1113
Kingston upon Thames,E09000021,2025,7,2032.0,1.1866
Kingston upon Thames,E09000021,2025,8,1996.0,1.1656
Kingston upon Thames,E09000021,2025,9,2121.0,1.2386
Kingston upon Thames,E09000021,2025,10,2164.0,1.2637
Kingston upon Thames,E09000021,2025,11,2119.0,1.2374
Kingston upon Thames,E09000021,2025,12,2188.0,1.2777
Kingston upon Thames,E09000021,2025,13,2251.0,1.3145
Kingston upon Thames,E09000021,2025,14,2256.0,1.3174
Kingston upon Thames,E09000021,2025,15,2181.0,1.2736
Kingston upon Thames,E09000021,2025,16,2210.0,1.2906
Kingston upon Thames,E09000021,2025,17,2132.0,1.245
Kingston upon Thames,E09000021,2025,18,2006.0,1.1714
Kingston upon Thames,E09000021,2025,19,1965.0,1.1475
Kingston upon Thames,E09000021,2025,20,2312.0,1.3501
Kingston upon Thames,E09000021,2025,21,2341.0,1.3671
Kingston upon Thames,E09000021,2025,22,2266.0,1.3233
Kingston upon Thames,E09000021,2025,23,2288.0,1.3361
Kingston upon Thames,E09000021,2025,24,2325.0,1.3577
Kingston upon Thames,E09000021,2025,25,2330.0,1.3606
Kingston upon Thames,E09000021,2025,26,2325.0,1.3577
Kingston upon Thames,E09000021,2025,27,2260.0,1.3198
Kingston upon Thames,E09000021,2025,28,2193.0,1.2806
Kingston upon Thames,E09000021,2025,29,2172.0,1.2684
Kingston upon Thames,E09000021,2025,30,2394.0,1.398
Kingston upon Thames,E09000021,2025,31,2226.0,1.2999
Kingston upon Thames,E09000021,2025,32,2336.0,1.3641
Kingston upon Thames,E09000021,2025,33,2534.0,1.4798
Kingston upon Thames,E09000021,2025,34,2523.0,1.4733
Kingston upon Thames,E09000021,2025,35,2558.0,1.4938
Kingston upon Thames,E09000021,2025,36,2631.0,1.5364
Kingston upon Thames,E09000021,2025,37,2653.0,1.5493
Kingston upon Thames,E09000021,2025,38,2460.0,1.4365
Kingston upon Thames,E09000021,2025,39,2593.0,1.5142
Kingston upon Thames,E09000021,2025,40,2633.0,1.5376
Kingston upon Thames,E09000021,2025,41,2580.0,1.5066
Kingston upon Thames,E09000021,2025,42,2684.0,1.5674
Kingston upon Thames,E09000021,2025,43,2578.0,1.5055
Kingston upon Thames,E09000021,2025,44,2775.0,1.6205
Kingston upon Thames,E09000021,2025,45,2789.0,1.6287
Kingston upon Thames,E09000021,2025,46,2731.0,1.5948
Kingston upon Thames,E09000021,2025,47,2643.0,1.5434
Kingston upon Thames,E09000021,2025,48,2496.0,1.4576
Kingston upon Thames,E09000021,2025,49,2602.0,1.5195
Kingston upon Thames,E09000021,2025,50,2551.0,1.4897
Kingston upon Thames,E09000021,2025,51,2475.0,1.4453
Kingston upon Thames,E09000021,2025,52,2430.0,1.419
Kingston upon Thames,E09000021,2025,53,2382.0,1.391
Kingston upon Thames,E09000021,2025,54,2382.0,1.391
Kingston upon Thames,E09000021,2025,55,2211.0,1.2911
Kingston upon Thames,E09000021,2025,56,2221.0,1.297
Kingston upon Thames,E09000021,2025,57,2195.0,1.2818
Kingston upon Thames,E09000021,2025,58,2011.0,1.1743
Kingston upon Thames,E09000021,2025,59,2082.0,1.2158
Kingston upon Thames,E09000021,2025,60,1935.0,1.13
Kingston upon Thames,E09000021,2025,61,1937.0,1.1311
Kingston upon Thames,E09000021,2025,62,1808.0,1.0558
Kingston upon Thames,E09000021,2025,63,1744.0,1.0184
Kingston upon Thames,E09000021,2025,64,1645.0,0.9606
Kingston upon Thames,E09000021,2025,65,1557.0,0.9092
Kingston upon Thames,E09000021,2025,66,1622.0,0.9472
Kingston upon Thames,E09000021,2025,67,1407.0,0.8216
Kingston upon Thames,E09000021,2025,68,1339.0,0.7819
Kingston upon Thames,E09000021,2025,69,1292.0,0.7545
Kingston upon Thames,E09000021,2025,70,1240.0,0.7241
Kingston upon Thames,E09000021,2025,71,1312.0,0.7662
Kingston upon Thames,E09000021,2025,72,1235.0,0.7212
Kingston upon Thames,E09000021,2025,73,1156.0,0.6751
Kingston upon Thames,E09000021,2025,74,1202.0,0.7019
Kingston upon Thames,E09000021,2025,75,1184.0,0.6914
Kingston upon Thames,E09000021,2025,76,1163.0,0.6791
Kingston upon Thames,E09000021,2025,77,1231.0,0.7189
Kingston upon Thames,E09000021,2025,78,1266.0,0.7393
Kingston upon Thames,E09000021,2025,79,969.0,0.5659
Kingston upon Thames,E09000021,2025,80,861.0,0.5028
Kingston upon Thames,E09000021,2025,81,842.0,0.4917
Kingston upon Thames,E09000021,2025,82,752.0,0.4391
Kingston upon Thames,E09000021,2025,83,629.0,0.3673
Kingston upon Thames,E09000021,2025,84,538.0,0.3142
Kingston upon Thames,E09000021,2025,85,591.0,0.3451
Kingston upon Thames,E09000021,2025,86,508.0,0.2967
Kingston upon Thames,E09000021,2025,87,437.0,0.2552
Kingston upon Thames,E09000021,2025,88,409.0,0.2388
Kingston upon Thames,E09000021,2025,89,363.0,0.212
Kingston upon Thames,E09000021,2025,90,0,0.0
Lambeth,E09000022,2025,0,3170.0,1.0125
Lambeth,E09000022,2025,1,3015.0,0.963
Lambeth,E09000022,2025,2,2794.0,0.8924
Lambeth,E09000022,2025,3,2837.0,0.9062
Lambeth,E09000022,2025,4,2439.0,0.779
Lambeth,E09000022,2025,5,2445.0,0.781
Lambeth,E09000022,2025,6,2440.0,0.7794
Lambeth,E09000022,2025,7,2469.0,0.7886
Lambeth,E09000022,2025,8,2567.0,0.8199
Lambeth,E09000022,2025,9,2568.0,0.8202
Lambeth,E09000022,2025,10,2641.0,0.8436
Lambeth,E09000022,2025,11,2627.0,0.8391
Lambeth,E09000022,2025,12,2727.0,0.871
Lambeth,E09000022,2025,13,2727.0,0.871
Lambeth,E09000022,2025,14,2626.0,0.8388
Lambeth,E09000022,2025,15,2785.0,0.8896
Lambeth,E09000022,2025,16,2822.0,0.9014
Lambeth,E09000022,2025,17,3039.0,0.9707
Lambeth,E09000022,2025,18,3096.0,0.9889
Lambeth,E09000022,2025,19,3022.0,0.9653
Lambeth,E09000022,2025,20,3140.0,1.0029
Lambeth,E09000022,2025,21,3599.0,1.1496
Lambeth,E09000022,2025,22,4672.0,1.4923
Lambeth,E09000022,2025,23,6158.0,1.9669
Lambeth,E09000022,2025,24,7577.0,2.4202
Lambeth,E09000022,2025,25,9092.0,2.9041
Lambeth,E09000022,2025,26,9978.0,3.1871
Lambeth,E09000022,2025,27,10492.0,3.3512
Lambeth,E09000022,2025,28,10135.0,3.2372
Lambeth,E09000022,2025,29,9612.0,3.0702
Lambeth,E09000022,2025,30,9008.0,2.8772
Lambeth,E09000022,2025,31,7943.0,2.5371
Lambeth,E09000022,2025,32,7003.0,2.2368
Lambeth,E09000022,2025,33,6580.0,2.1017
Lambeth,E09000022,2025,34,6166.0,1.9695
Lambeth,E09000022,2025,35,5742.0,1.834
Lambeth,E09000022,2025,36,5245.0,1.6753
Lambeth,E09000022,2025,37,4793.0,1.5309
Lambeth,E09000022,2025,38,4454.0,1.4226
Lambeth,E09000022,2025,39,4298.0,1.3728
Lambeth,E09000022,2025,40,4259.0,1.3604
Lambeth,E09000022,2025,41,4135.0,1.3208
Lambeth,E09000022,2025,42,3930.0,1.2553
Lambeth,E09000022,2025,43,3989.0,1.2741
Lambeth,E09000022,2025,44,3860.0,1.2329
Lambeth,E09000022,2025,45,3921.0,1.2524
Lambeth,E09000022,2025,46,3743.0,1.1955
Lambeth,E09000022,2025,47,3568.0,1.1396
Lambeth,E09000022,2025,48,3743.0,1.1955
Lambeth,E09000022,2025,49,3757.0,1.2
Lambeth,E09000022,2025,50,3854.0,1.231
Lambeth,E09000022,2025,51,3695.0,1.1802
Lambeth,E09000022,2025,52,3603.0,1.1508
Lambeth,E09000022,2025,53,3653.0,1.1668
Lambeth,E09000022,2025,54,3773.0,1.2051
Lambeth,E09000022,2025,55,3892.0,1.2431
Lambeth,E09000022,2025,56,3790.0,1.2106
Lambeth,E09000022,2025,57,3855.0,1.2313
Lambeth,E09000022,2025,58,3605.0,1.1515
Lambeth,E09000022,2025,59,3763.0,1.2019
Lambeth,E09000022,2025,60,3557.0,1.1361
Lambeth,E09000022,2025,61,3452.0,1.1026
Lambeth,E09000022,2025,62,3185.0,1.0173
Lambeth,E09000022,2025,63,3050.0,0.9742
Lambeth,E09000022,2025,64,2804.0,0.8956
Lambeth,E09000022,2025,65,2549.0,0.8142
Lambeth,E09000022,2025,66,2387.0,0.7624
Lambeth,E09000022,2025,67,2252.0,0.7193
Lambeth,E09000022,2025,68,2117.0,0.6762
Lambeth,E09000022,2025,69,1947.0,0.6219
Lambeth,E09000022,2025,70,1847.0,0.5899
Lambeth,E09000022,2025,71,1599.0,0.5107
Lambeth,E09000022,2025,72,1411.0,0.4507
Lambeth,E09000022,2025,73,1281.0,0.4092
Lambeth,E09000022,2025,74,1362.0,0.435
Lambeth,E09000022,2025,75,1231.0,0.3932
Lambeth,E09000022,2025,76,1171.0,0.374
Lambeth,E09000022,2025,77,1142.0,0.3648
Lambeth,E09000022,2025,78,1133.0,0.3619
Lambeth,E09000022,2025,79,902.0,0.2881
Lambeth,E09000022,2025,80,769.0,0.2456
Lambeth,E09000022,2025,81,772.0,0.2466
Lambeth,E09000022,2025,82,759.0,0.2424
Lambeth,E09000022,2025,83,632.0,0.2019
Lambeth,E09000022,2025,84,570.0,0.1821
Lambeth,E09000022,2025,85,573.0,0.183
Lambeth,E09000022,2025,86,498.0,0.1591
Lambeth,E09000022,2025,87,435.0,0.1389
Lambeth,E09000022,2025,88,396.0,0.1265
Lambeth,E09000022,2025,89,365.0,0.1166
Lambeth,E09000022,2025,90,0,0.0
Lewisham,E09000023,2025,0,3663.0,1.2229
Lewisham,E09000023,2025,1,3476.0,1.1604
Lewisham,E09000023,2025,2,3422.0,1.1424
Lewisham,E09000023,2025,3,3407.0,1.1374
Lewisham,E09000023,2025,4,3216.0,1.0736
Lewisham,E09000023,2025,5,3331.0,1.112
Lewisham,E09000023,2025,6,3369.0,1.1247
Lewisham,E09000023,2025,7,3275.0,1.0933
Lewisham,E09000023,2025,8,3250.0,1.085
Lewisham,E09000023,2025,9,3354.0,1.1197
Lewisham,E09000023,2025,10,3184.0,1.063
Lewisham,E09000023,2025,11,3167.0,1.0573
Lewisham,E09000023,2025,12,3180.0,1.0616
Lewisham,E09000023,2025,13,3201.0,1.0686
Lewisham,E09000023,2025,14,3304.0,1.103
Lewisham,E09000023,2025,15,3264.0,1.0897
Lewisham,E09000023,2025,16,3312.0,1.1057
Lewisham,E09000023,2025,17,3339.0,1.1147
Lewisham,E09000023,2025,18,3111.0,1.0386
Lewisham,E09000023,2025,19,2366.0,0.7899
Lewisham,E09000023,2025,20,2805.0,0.9364
Lewisham,E09000023,2025,21,3146.0,1.0503
Lewisham,E09000023,2025,22,3660.0,1.2219
Lewisham,E09000023,2025,23,4388.0,1.4649
Lewisham,E09000023,2025,24,4748.0,1.5851
Lewisham,E09000023,2025,25,5163.0,1.7236
Lewisham,E09000023,2025,26,5237.0,1.7483
Lewisham,E09000023,2025,27,5225.0,1.7443
Lewisham,E09000023,2025,28,5748.0,1.9189
Lewisham,E09000023,2025,29,5760.0,1.9229
Lewisham,E09000023,2025,30,5755.0,1.9213
Lewisham,E09000023,2025,31,6129.0,2.0461
Lewisham,E09000023,2025,32,6301.0,2.1036
Lewisham,E09000023,2025,33,6214.0,2.0745
Lewisham,E09000023,2025,34,6372.0,2.1273
Lewisham,E09000023,2025,35,5996.0,2.0017
Lewisham,E09000023,2025,36,5699.0,1.9026
Lewisham,E09000023,2025,37,5631.0,1.8799
Lewisham,E09000023,2025,38,5393.0,1.8004
Lewisham,E09000023,2025,39,5398.0,1.8021
Lewisham,E09000023,2025,40,5062.0,1.6899
Lewisham,E09000023,2025,41,4632.0,1.5464
Lewisham,E09000023,2025,42,4588.0,1.5317
Lewisham,E09000023,2025,43,4742.0,1.5831
Lewisham,E09000023,2025,44,4670.0,1.5591
Lewisham,E09000023,2025,45,4587.0,1.5313
Lewisham,E09000023,2025,46,4294.0,1.4335
Lewisham,E09000023,2025,47,4206.0,1.4042
Lewisham,E09000023,2025,48,3906.0,1.304
Lewisham,E09000023,2025,49,3985.0,1.3304
Lewisham,E09000023,2025,50,3904.0,1.3033
Lewisham,E09000023,2025,51,3763.0,1.2563
Lewisham,E09000023,2025,52,3848.0,1.2846
Lewisham,E09000023,2025,53,3694.0,1.2332
Lewisham,E09000023,2025,54,3929.0,1.3117
Lewisham,E09000023,2025,55,3751.0,1.2523
Lewisham,E09000023,2025,56,3639.0,1.2149
Lewisham,E09000023,2025,57,3564.0,1.1898
Lewisham,E09000023,2025,58,3667.0,1.2242
Lewisham,E09000023,2025,59,3624.0,1.2099
Lewisham,E09000023,2025,60,3656.0,1.2205
Lewisham,E09000023,2025,61,3401.0,1.1354
Lewisham,E09000023,2025,62,3439.0,1.1481
Lewisham,E09000023,2025,63,3168.0,1.0576
Lewisham,E09000023,2025,64,2827.0,0.9438
Lewisham,E09000023,2025,65,2690.0,0.898
Lewisham,E09000023,2025,66,2431.0,0.8116
Lewisham,E09000023,2025,67,2286.0,0.7632
Lewisham,E09000023,2025,68,2154.0,0.7191
Lewisham,E09000023,2025,69,1905.0,0.636
Lewisham,E09000023,2025,70,1681.0,0.5612
Lewisham,E09000023,2025,71,1650.0,0.5508
Lewisham,E09000023,2025,72,1442.0,0.4814
Lewisham,E09000023,2025,73,1351.0,0.451
Lewisham,E09000023,2025,74,1413.0,0.4717
Lewisham,E09000023,2025,75,1194.0,0.3986
Lewisham,E09000023,2025,76,1152.0,0.3846
Lewisham,E09000023,2025,77,1163.0,0.3883
Lewisham,E09000023,2025,78,1166.0,0.3893
Lewisham,E09000023,2025,79,954.0,0.3185
Lewisham,E09000023,2025,80,863.0,0.2881
Lewisham,E09000023,2025,81,824.0,0.2751
Lewisham,E09000023,2025,82,830.0,0.2771
Lewisham,E09000023,2025,83,657.0,0.2193
Lewisham,E09000023,2025,84,618.0,0.2063
Lewisham,E09000023,2025,85,633.0,0.2113
Lewisham,E09000023,2025,86,600.0,0.2003
Lewisham,E09000023,2025,87,539.0,0.1799
Lewisham,E09000023,2025,88,477.0,0.1592
Lewisham,E09000023,2025,89,362.0,0.1209
Lewisham,E09000023,2025,90,0,0.0
Merton,E09000024,2025,0,2406.0,1.1067
Merton,E09000024,2025,1,2421.0,1.1136
Merton,E09000024,2025,2,2309.0,1.0621
Merton,E09000024,2025,3,2545.0,1.1706
Merton,E09000024,2025,4,2483.0,1.1421
Merton,E09000024,2025,5,2436.0,1.1205
Merton,E09000024,2025,6,2504.0,1.1518
Merton,E09000024,2025,7,2581.0,1.1872
Merton,E09000024,2025,8,2448.0,1.126
Merton,E09000024,2025,9,2672.0,1.229
Merton,E09000024,2025,10,2436.0,1.1205
Merton,E09000024,2025,11,2450.0,1.1269
Merton,E09000024,2025,12,2525.0,1.1614
Merton,E09000024,2025,13,2561.0,1.178
Merton,E09000024,2025,14,2456.0,1.1297
Merton,E09000024,2025,15,2578.0,1.1858
Merton,E09000024,2025,16,2434.0,1.1196
Merton,E09000024,2025,17,2532.0,1.1646
Merton,E09000024,2025,18,2403.0,1.1053
Merton,E09000024,2025,19,1536.0,0.7065
Merton,E09000024,2025,20,1616.0,0.7433
Merton,E09000024,2025,21,1744.0,0.8022
Merton,E09000024,2025,22,2225.0,1.0234
Merton,E09000024,2025,23,2681.0,1.2332
Merton,E09000024,2025,24,3095.0,1.4236
Merton,E09000024,2025,25,3523.0,1.6205
Merton,E09000024,2025,26,3632.0,1.6706
Merton,E09000024,2025,27,3807.0,1.7511
Merton,E09000024,2025,28,3696.0,1.7
Merton,E09000024,2025,29,3777.0,1.7373
Merton,E09000024,2025,30,3877.0,1.7833
Merton,E09000024,2025,31,3653.0,1.6803
Merton,E09000024,2025,32,3777.0,1.7373
Merton,E09000024,2025,33,3691.0,1.6977
Merton,E09000024,2025,34,3679.0,1.6922
Merton,E09000024,2025,35,3759.0,1.729
Merton,E09000024,2025,36,3695.0,1.6996
Merton,E09000024,2025,37,3762.0,1.7304
Merton,E09000024,2025,38,3478.0,1.5998
Merton,E09000024,2025,39,3499.0,1.6094
Merton,E09000024,2025,40,3576.0,1.6448
Merton,E09000024,2025,41,3408.0,1.5676
Merton,E09000024,2025,42,3563.0,1.6389
Merton,E09000024,2025,43,3597.0,1.6545
Merton,E09000024,2025,44,3597.0,1.6545
Merton,E09000024,2025,45,3461.0,1.592
Merton,E09000024,2025,46,3474.0,1.5979
Merton,E09000024,2025,47,3152.0,1.4498
Merton,E09000024,2025,48,3312.0,1.5234
Merton,E09000024,2025,49,3017.0,1.3877
Merton,E09000024,2025,50,2968.0,1.3652
Merton,E09000024,2025,51,2955.0,1.3592
Merton,E09000024,2025,52,2976.0,1.3689
Merton,E09000024,2025,53,2886.0,1.3275
Merton,E09000024,2025,54,2774.0,1.276
Merton,E09000024,2025,55,2730.0,1.2557
Merton,E09000024,2025,56,2673.0,1.2295
Merton,E09000024,2025,57,2760.0,1.2695
Merton,E09000024,2025,58,2724.0,1.253
Merton,E09000024,2025,59,2643.0,1.2157
Merton,E09000024,2025,60,2505.0,1.1522
Merton,E09000024,2025,61,2335.0,1.074
Merton,E09000024,2025,62,2345.0,1.0786
Merton,E09000024,2025,63,2177.0,1.0014
Merton,E09000024,2025,64,2153.0,0.9903
Merton,E09000024,2025,65,2042.0,0.9393
Merton,E09000024,2025,66,1852.0,0.8519
Merton,E09000024,2025,67,1754.0,0.8068
Merton,E09000024,2025,68,1766.0,0.8123
Merton,E09000024,2025,69,1612.0,0.7415
Merton,E09000024,2025,70,1552.0,0.7139
Merton,E09000024,2025,71,1474.0,0.678
Merton,E09000024,2025,72,1428.0,0.6568
Merton,E09000024,2025,73,1306.0,0.6007
Merton,E09000024,2025,74,1326.0,0.6099
Merton,E09000024,2025,75,1280.0,0.5888
Merton,E09000024,2025,76,1262.0,0.5805
Merton,E09000024,2025,77,1225.0,0.5635
Merton,E09000024,2025,78,1227.0,0.5644
Merton,E09000024,2025,79,937.0,0.431
Merton,E09000024,2025,80,896.0,0.4121
Merton,E09000024,2025,81,794.0,0.3652
Merton,E09000024,2025,82,746.0,0.3431
Merton,E09000024,2025,83,660.0,0.3036
Merton,E09000024,2025,84,648.0,0.2981
Merton,E09000024,2025,85,612.0,0.2815
Merton,E09000024,2025,86,571.0,0.2626
Merton,E09000024,2025,87,526.0,0.2419
Merton,E09000024,2025,88,427.0,0.1964
Merton,E09000024,2025,89,340.0,0.1564
Merton,E09000024,2025,90,0,0.0
Newham,E09000025,2025,0,5431.0,1.4465
Newham,E09000025,2025,1,5290.0,1.4089
Newham,E09000025,2025,2,5122.0,1.3642
Newham,E09000025,2025,3,5076.0,1.3519
Newham,E09000025,2025,4,4312.0,1.1485
Newham,E09000025,2025,5,4072.0,1.0845
Newham,E09000025,2025,6,4128.0,1.0994
Newham,E09000025,2025,7,4165.0,1.1093
Newham,E09000025,2025,8,4033.0,1.0741
Newham,E09000025,2025,9,4091.0,1.0896
Newham,E09000025,2025,10,4011.0,1.0683
Newham,E09000025,2025,11,4030.0,1.0733
Newham,E09000025,2025,12,4100.0,1.092
Newham,E09000025,2025,13,4214.0,1.1224
Newham,E09000025,2025,14,4222.0,1.1245
Newham,E09000025,2025,15,4353.0,1.1594
Newham,E09000025,2025,16,4315.0,1.1493
Newham,E09000025,2025,17,4535.0,1.2078
Newham,E09000025,2025,18,4450.0,1.1852
Newham,E09000025,2025,19,4880.0,1.2997
Newham,E09000025,2025,20,5501.0,1.4651
Newham,E09000025,2025,21,6160.0,1.6406
Newham,E09000025,2025,22,7417.0,1.9754
Newham,E09000025,2025,23,8570.0,2.2825
Newham,E09000025,2025,24,9084.0,2.4194
Newham,E09000025,2025,25,9712.0,2.5867
Newham,E09000025,2025,26,10053.0,2.6775
Newham,E09000025,2025,27,9713.0,2.5869
Newham,E09000025,2025,28,9556.0,2.5451
Newham,E09000025,2025,29,9159.0,2.4394
Newham,E09000025,2025,30,8566.0,2.2815
Newham,E09000025,2025,31,7736.0,2.0604
Newham,E09000025,2025,32,7641.0,2.0351
Newham,E09000025,2025,33,6915.0,1.8417
Newham,E09000025,2025,34,6482.0,1.7264
Newham,E09000025,2025,35,6477.0,1.7251
Newham,E09000025,2025,36,6507.0,1.7331
Newham,E09000025,2025,37,6462.0,1.7211
Newham,E09000025,2025,38,6169.0,1.643
Newham,E09000025,2025,39,6069.0,1.6164
Newham,E09000025,2025,40,6010.0,1.6007
Newham,E09000025,2025,41,5576.0,1.4851
Newham,E09000025,2025,42,5424.0,1.4446
Newham,E09000025,2025,43,5228.0,1.3924
Newham,E09000025,2025,44,5435.0,1.4475
Newham,E09000025,2025,45,5269.0,1.4033
Newham,E09000025,2025,46,5178.0,1.3791
Newham,E09000025,2025,47,4743.0,1.2632
Newham,E09000025,2025,48,4299.0,1.145
Newham,E09000025,2025,49,4392.0,1.1698
Newham,E09000025,2025,50,4290.0,1.1426
Newham,E09000025,2025,51,4185.0,1.1146
Newham,E09000025,2025,52,3963.0,1.0555
Newham,E09000025,2025,53,4048.0,1.0781
Newham,E09000025,2025,54,3932.0,1.0472
Newham,E09000025,2025,55,4205.0,1.12
Newham,E09000025,2025,56,3754.0,0.9998
Newham,E09000025,2025,57,3649.0,0.9719
Newham,E09000025,2025,58,3313.0,0.8824
Newham,E09000025,2025,59,3222.0,0.8581
Newham,E09000025,2025,60,3069.0,0.8174
Newham,E09000025,2025,61,3062.0,0.8155
Newham,E09000025,2025,62,2925.0,0.779
Newham,E09000025,2025,63,2696.0,0.718
Newham,E09000025,2025,64,2593.0,0.6906
Newham,E09000025,2025,65,2521.0,0.6714
Newham,E09000025,2025,66,2300.0,0.6126
Newham,E09000025,2025,67,2126.0,0.5662
Newham,E09000025,2025,68,1986.0,0.5289
Newham,E09000025,2025,69,1897.0,0.5052
Newham,E09000025,2025,70,1722.0,0.4586
Newham,E09000025,2025,71,1565.0,0.4168
Newham,E09000025,2025,72,1535.0,0.4088
Newham,E09000025,2025,73,1557.0,0.4147
Newham,E09000025,2025,74,1224.0,0.326
Newham,E09000025,2025,75,1167.0,0.3108
Newham,E09000025,2025,76,988.0,0.2631
Newham,E09000025,2025,77,1038.0,0.2765
Newham,E09000025,2025,78,960.0,0.2557
Newham,E09000025,2025,79,724.0,0.1928
Newham,E09000025,2025,80,620.0,0.1651
Newham,E09000025,2025,81,618.0,0.1646
Newham,E09000025,2025,82,600.0,0.1598
Newham,E09000025,2025,83,611.0,0.1627
Newham,E09000025,2025,84,502.0,0.1337
Newham,E09000025,2025,85,467.0,0.1244
Newham,E09000025,2025,86,448.0,0.1193
Newham,E09000025,2025,87,416.0,0.1108
Newham,E09000025,2025,88,342.0,0.0911
Newham,E09000025,2025,89,289.0,0.077
Newham,E09000025,2025,90,0,0.0
Redbridge,E09000026,2025,0,4232.0,1.3236
Redbridge,E09000026,2025,1,4248.0,1.3286
Redbridge,E09000026,2025,2,4292.0,1.3424
Redbridge,E09000026,2025,3,4423.0,1.3834
Redbridge,E09000026,2025,4,4201.0,1.3139
Redbridge,E09000026,2025,5,4032.0,1.2611
Redbridge,E09000026,2025,6,4023.0,1.2583
Redbridge,E09000026,2025,7,4142.0,1.2955
Redbridge,E09000026,2025,8,4086.0,1.278
Redbridge,E09000026,2025,9,4245.0,1.3277
Redbridge,E09000026,2025,10,4077.0,1.2752
Redbridge,E09000026,2025,11,4008.0,1.2536
Redbridge,E09000026,2025,12,4079.0,1.2758
Redbridge,E09000026,2025,13,4238.0,1.3255
Redbridge,E09000026,2025,14,4095.0,1.2808
Redbridge,E09000026,2025,15,4147.0,1.2971
Redbridge,E09000026,2025,16,4256.0,1.3311
Redbridge,E09000026,2025,17,4299.0,1.3446
Redbridge,E09000026,2025,18,4066.0,1.2717
Redbridge,E09000026,2025,19,3296.0,1.0309
Redbridge,E09000026,2025,20,3488.0,1.0909
Redbridge,E09000026,2025,21,3767.0,1.1782
Redbridge,E09000026,2025,22,4304.0,1.3462
Redbridge,E09000026,2025,23,4992.0,1.5613
Redbridge,E09000026,2025,24,5347.0,1.6724
Redbridge,E09000026,2025,25,5420.0,1.6952
Redbridge,E09000026,2025,26,5695.0,1.7812
Redbridge,E09000026,2025,27,5728.0,1.7915
Redbridge,E09000026,2025,28,5583.0,1.7462
Redbridge,E09000026,2025,29,5399.0,1.6886
Redbridge,E09000026,2025,30,5212.0,1.6302
Redbridge,E09000026,2025,31,4861.0,1.5204
Redbridge,E09000026,2025,32,4813.0,1.5054
Redbridge,E09000026,2025,33,4747.0,1.4847
Redbridge,E09000026,2025,34,4633.0,1.4491
Redbridge,E09000026,2025,35,4778.0,1.4944
Redbridge,E09000026,2025,36,4960.0,1.5513
Redbridge,E09000026,2025,37,4611.0,1.4422
Redbridge,E09000026,2025,38,4851.0,1.5172
Redbridge,E09000026,2025,39,4715.0,1.4747
Redbridge,E09000026,2025,40,4924.0,1.5401
Redbridge,E09000026,2025,41,4893.0,1.5304
Redbridge,E09000026,2025,42,4959.0,1.551
Redbridge,E09000026,2025,43,4787.0,1.4972
Redbridge,E09000026,2025,44,4894.0,1.5307
Redbridge,E09000026,2025,45,4898.0,1.5319
Redbridge,E09000026,2025,46,4624.0,1.4462
Redbridge,E09000026,2025,47,4556.0,1.425
Redbridge,E09000026,2025,48,4482.0,1.4018
Redbridge,E09000026,2025,49,4284.0,1.3399
Redbridge,E09000026,2025,50,4262.0,1.333
Redbridge,E09000026,2025,51,4080.0,1.2761
Redbridge,E09000026,2025,52,3954.0,1.2367
Redbridge,E09000026,2025,53,3783.0,1.1832
Redbridge,E09000026,2025,54,3779.0,1.182
Redbridge,E09000026,2025,55,3762.0,1.1766
Redbridge,E09000026,2025,56,3657.0,1.1438
Redbridge,E09000026,2025,57,3711.0,1.1607
Redbridge,E09000026,2025,58,3278.0,1.0253
Redbridge,E09000026,2025,59,3184.0,0.9959
Redbridge,E09000026,2025,60,3369.0,1.0537
Redbridge,E09000026,2025,61,3273.0,1.0237
Redbridge,E09000026,2025,62,3044.0,0.9521
Redbridge,E09000026,2025,63,2976.0,0.9308
Redbridge,E09000026,2025,64,2755.0,0.8617
Redbridge,E09000026,2025,65,2851.0,0.8917
Redbridge,E09000026,2025,66,2498.0,0.7813
Redbridge,E09000026,2025,67,2536.0,0.7932
Redbridge,E09000026,2025,68,2412.0,0.7544
Redbridge,E09000026,2025,69,2367.0,0.7403
Redbridge,E09000026,2025,70,2153.0,0.6734
Redbridge,E09000026,2025,71,2013.0,0.6296
Redbridge,E09000026,2025,72,1993.0,0.6233
Redbridge,E09000026,2025,73,1877.0,0.5871
Redbridge,E09000026,2025,74,1777.0,0.5558
Redbridge,E09000026,2025,75,1725.0,0.5395
Redbridge,E09000026,2025,76,1662.0,0.5198
Redbridge,E09000026,2025,77,1660.0,0.5192
Redbridge,E09000026,2025,78,1771.0,0.5539
Redbridge,E09000026,2025,79,1324.0,0.4141
Redbridge,E09000026,2025,80,1247.0,0.39
Redbridge,E09000026,2025,81,1112.0,0.3478
Redbridge,E09000026,2025,82,1043.0,0.3262
Redbridge,E09000026,2025,83,907.0,0.2837
Redbridge,E09000026,2025,84,809.0,0.253
Redbridge,E09000026,2025,85,879.0,0.2749
Redbridge,E09000026,2025,86,754.0,0.2358
Redbridge,E09000026,2025,87,712.0,0.2227
Redbridge,E09000026,2025,88,595.0,0.1861
Redbridge,E09000026,2025,89,491.0,0.1536
Redbridge,E09000026,2025,90,0,0.0
Richmond upon Thames,E09000027,2025,0,1689.0,0.8659
Richmond upon Thames,E09000027,2025,1,1755.0,0.8997
Richmond upon Thames,E09000027,2025,2,1748.0,0.8961
Richmond upon Thames,E09000027,2025,3,2046.0,1.0489
Richmond upon Thames,E09000027,2025,4,2152.0,1.1032
Richmond upon Thames,E09000027,2025,5,2290.0,1.174
Richmond upon Thames,E09000027,2025,6,2322.0,1.1904
Richmond upon Thames,E09000027,2025,7,2337.0,1.1981
Richmond upon Thames,E09000027,2025,8,2532.0,1.298
Richmond upon Thames,E09000027,2025,9,2591.0,1.3283
Richmond upon Thames,E09000027,2025,10,2601.0,1.3334
Richmond upon Thames,E09000027,2025,11,2571.0,1.318
Richmond upon Thames,E09000027,2025,12,2675.0,1.3714
Richmond upon Thames,E09000027,2025,13,2697.0,1.3826
Richmond upon Thames,E09000027,2025,14,2706.0,1.3872
Richmond upon Thames,E09000027,2025,15,2715.0,1.3919
Richmond upon Thames,E09000027,2025,16,2488.0,1.2755
Richmond upon Thames,E09000027,2025,17,2533.0,1.2986
Richmond upon Thames,E09000027,2025,18,2211.0,1.1335
Richmond upon Thames,E09000027,2025,19,1268.0,0.65
Richmond upon Thames,E09000027,2025,20,1337.0,0.6854
Richmond upon Thames,E09000027,2025,21,1378.0,0.7064
Richmond upon Thames,E09000027,2025,22,1627.0,0.8341
Richmond upon Thames,E09000027,2025,23,1995.0,1.0227
Richmond upon Thames,E09000027,2025,24,2131.0,1.0925
Richmond upon Thames,E09000027,2025,25,2210.0,1.133
Richmond upon Thames,E09000027,2025,26,2252.0,1.1545
Richmond upon Thames,E09000027,2025,27,2281.0,1.1694
Richmond upon Thames,E09000027,2025,28,2080.0,1.0663
Richmond upon Thames,E09000027,2025,29,2076.0,1.0643
Richmond upon Thames,E09000027,2025,30,2030.0,1.0407
Richmond upon Thames,E09000027,2025,31,2231.0,1.1437
Richmond upon Thames,E09000027,2025,32,2029.0,1.0402
Richmond upon Thames,E09000027,2025,33,2132.0,1.093
Richmond upon Thames,E09000027,2025,34,2429.0,1.2452
Richmond upon Thames,E09000027,2025,35,2429.0,1.2452
Richmond upon Thames,E09000027,2025,36,2463.0,1.2627
Richmond upon Thames,E09000027,2025,37,2531.0,1.2975
Richmond upon Thames,E09000027,2025,38,2636.0,1.3514
Richmond upon Thames,E09000027,2025,39,2748.0,1.4088
Richmond upon Thames,E09000027,2025,40,2826.0,1.4488
Richmond upon Thames,E09000027,2025,41,2841.0,1.4565
Richmond upon Thames,E09000027,2025,42,2994.0,1.5349
Richmond upon Thames,E09000027,2025,43,3119.0,1.599
Richmond upon Thames,E09000027,2025,44,3177.0,1.6287
Richmond upon Thames,E09000027,2025,45,3297.0,1.6902
Richmond upon Thames,E09000027,2025,46,3315.0,1.6995
Richmond upon Thames,E09000027,2025,47,3187.0,1.6338
Richmond upon Thames,E09000027,2025,48,3149.0,1.6144
Richmond upon Thames,E09000027,2025,49,3020.0,1.5482
Richmond upon Thames,E09000027,2025,50,3141.0,1.6102
Richmond upon Thames,E09000027,2025,51,3133.0,1.6061
Richmond upon Thames,E09000027,2025,52,3167.0,1.6236
Richmond upon Thames,E09000027,2025,53,3178.0,1.6292
Richmond upon Thames,E09000027,2025,54,3072.0,1.5749
Richmond upon Thames,E09000027,2025,55,2935.0,1.5046
Richmond upon Thames,E09000027,2025,56,2900.0,1.4867
Richmond upon Thames,E09000027,2025,57,2878.0,1.4754
Richmond upon Thames,E09000027,2025,58,2874.0,1.4734
Richmond upon Thames,E09000027,2025,59,2774.0,1.4221
Richmond upon Thames,E09000027,2025,60,2653.0,1.3601
Richmond upon Thames,E09000027,2025,61,2593.0,1.3293
Richmond upon Thames,E09000027,2025,62,2473.0,1.2678
Richmond upon Thames,E09000027,2025,63,2392.0,1.2263
Richmond upon Thames,E09000027,2025,64,2162.0,1.1084
Richmond upon Thames,E09000027,2025,65,2000.0,1.0253
Richmond upon Thames,E09000027,2025,66,1923.0,0.9858
Richmond upon Thames,E09000027,2025,67,1876.0,0.9617
Richmond upon Thames,E09000027,2025,68,1846.0,0.9464
Richmond upon Thames,E09000027,2025,69,1634.0,0.8377
Richmond upon Thames,E09000027,2025,70,1621.0,0.831
Richmond upon Thames,E09000027,2025,71,1571.0,0.8054
Richmond upon Thames,E09000027,2025,72,1518.0,0.7782
Richmond upon Thames,E09000027,2025,73,1544.0,0.7915
Richmond upon Thames,E09000027,2025,74,1642.0,0.8418
Richmond upon Thames,E09000027,2025,75,1560.0,0.7997
Richmond upon Thames,E09000027,2025,76,1631.0,0.8361
Richmond upon Thames,E09000027,2025,77,1667.0,0.8546
Richmond upon Thames,E09000027,2025,78,1727.0,0.8854
Richmond upon Thames,E09000027,2025,79,1329.0,0.6813
Richmond upon Thames,E09000027,2025,80,1170.0,0.5998
Richmond upon Thames,E09000027,2025,81,1244.0,0.6377
Richmond upon Thames,E09000027,2025,82,966.0,0.4952
Richmond upon Thames,E09000027,2025,83,863.0,0.4424
Richmond upon Thames,E09000027,2025,84,688.0,0.3527
Richmond upon Thames,E09000027,2025,85,675.0,0.346
Richmond upon Thames,E09000027,2025,86,697.0,0.3573
Richmond upon Thames,E09000027,2025,87,611.0,0.3132
Richmond upon Thames,E09000027,2025,88,454.0,0.2327
Richmond upon Thames,E09000027,2025,89,404.0,0.2071
Richmond upon Thames,E09000027,2025,90,0,0.0
Southwark,E09000028,2025,0,3179.0,1.0214
Southwark,E09000028,2025,1,3012.0,0.9678
Southwark,E09000028,2025,2,2963.0,0.952
Southwark,E09000028,2025,3,2927.0,0.9404
Southwark,E09000028,2025,4,2568.0,0.8251
Southwark,E09000028,2025,5,2718.0,0.8733
Southwark,E09000028,2025,6,2806.0,0.9016
Southwark,E09000028,2025,7,2638.0,0.8476
Southwark,E09000028,2025,8,2864.0,0.9202
Southwark,E09000028,2025,9,2907.0,0.934
Southwark,E09000028,2025,10,2807.0,0.9019
Southwark,E09000028,2025,11,2857.0,0.918
Southwark,E09000028,2025,12,2906.0,0.9337
Southwark,E09000028,2025,13,2847.0,0.9147
Southwark,E09000028,2025,14,3077.0,0.9886
Southwark,E09000028,2025,15,2922.0,0.9388
Southwark,E09000028,2025,16,3146.0,1.0108
Southwark,E09000028,2025,17,3236.0,1.0397
Southwark,E09000028,2025,18,3541.0,1.1377
Southwark,E09000028,2025,19,4313.0,1.3858
Southwark,E09000028,2025,20,4966.0,1.5956
Southwark,E09000028,2025,21,4968.0,1.5962
Southwark,E09000028,2025,22,5669.0,1.8215
Southwark,E09000028,2025,23,6034.0,1.9387
Southwark,E09000028,2025,24,6407.0,2.0586
Southwark,E09000028,2025,25,7307.0,2.3477
Southwark,E09000028,2025,26,7686.0,2.4695
Southwark,E09000028,2025,27,7951.0,2.5547
Southwark,E09000028,2025,28,8196.0,2.6334
Southwark,E09000028,2025,29,7914.0,2.5428
Southwark,E09000028,2025,30,7709.0,2.4769
Southwark,E09000028,2025,31,7693.0,2.4718
Southwark,E09000028,2025,32,7243.0,2.3272
Southwark,E09000028,2025,33,6784.0,2.1797
Southwark,E09000028,2025,34,6427.0,2.065
Southwark,E09000028,2025,35,6173.0,1.9834
Southwark,E09000028,2025,36,6048.0,1.9432
Southwark,E09000028,2025,37,5407.0,1.7373
Southwark,E09000028,2025,38,4747.0,1.5252
Southwark,E09000028,2025,39,4549.0,1.4616
Southwark,E09000028,2025,40,4309.0,1.3845
Southwark,E09000028,2025,41,4465.0,1.4346
Southwark,E09000028,2025,42,4218.0,1.3552
Southwark,E09000028,2025,43,4193.0,1.3472
Southwark,E09000028,2025,44,4188.0,1.3456
Southwark,E09000028,2025,45,3895.0,1.2515
Southwark,E09000028,2025,46,3885.0,1.2483
Southwark,E09000028,2025,47,3659.0,1.1756
Southwark,E09000028,2025,48,3681.0,1.1827
Southwark,E09000028,2025,49,3856.0,1.2389
Southwark,E09000028,2025,50,3640.0,1.1695
Southwark,E09000028,2025,51,3575.0,1.1486
Southwark,E09000028,2025,52,3774.0,1.2126
Southwark,E09000028,2025,53,3563.0,1.1448
Southwark,E09000028,2025,54,3643.0,1.1705
Southwark,E09000028,2025,55,3600.0,1.1567
Southwark,E09000028,2025,56,3689.0,1.1853
Southwark,E09000028,2025,57,3564.0,1.1451
Southwark,E09000028,2025,58,3662.0,1.1766
Southwark,E09000028,2025,59,3494.0,1.1226
Southwark,E09000028,2025,60,3372.0,1.0834
Southwark,E09000028,2025,61,3373.0,1.0837
Southwark,E09000028,2025,62,3312.0,1.0641
Southwark,E09000028,2025,63,2902.0,0.9324
Southwark,E09000028,2025,64,2773.0,0.891
Southwark,E09000028,2025,65,2666.0,0.8566
Southwark,E09000028,2025,66,2368.0,0.7608
Southwark,E09000028,2025,67,2187.0,0.7027
Southwark,E09000028,2025,68,2006.0,0.6445
Southwark,E09000028,2025,69,1838.0,0.5906
Southwark,E09000028,2025,70,1660.0,0.5334
Southwark,E09000028,2025,71,1581.0,0.508
Southwark,E09000028,2025,72,1411.0,0.4534
Southwark,E09000028,2025,73,1220.0,0.392
Southwark,E09000028,2025,74,1096.0,0.3521
Southwark,E09000028,2025,75,1236.0,0.3971
Southwark,E09000028,2025,76,1081.0,0.3473
Southwark,E09000028,2025,77,1080.0,0.347
Southwark,E09000028,2025,78,1159.0,0.3724
Southwark,E09000028,2025,79,888.0,0.2853
Southwark,E09000028,2025,80,767.0,0.2464
Southwark,E09000028,2025,81,723.0,0.2323
Southwark,E09000028,2025,82,632.0,0.2031
Southwark,E09000028,2025,83,578.0,0.1857
Southwark,E09000028,2025,84,566.0,0.1819
Southwark,E09000028,2025,85,545.0,0.1751
Southwark,E09000028,2025,86,503.0,0.1616
Southwark,E09000028,2025,87,423.0,0.1359
Southwark,E09000028,2025,88,325.0,0.1044
Southwark,E09000028,2025,89,299.0,0.0961
Southwark,E09000028,2025,90,0,0.0
Sutton,E09000029,2025,0,1985.0,0.9354
Sutton,E09000029,2025,1,2094.0,0.9868
Sutton,E09000029,2025,2,2190.0,1.032
Sutton,E09000029,2025,3,2419.0,1.1399
Sutton,E09000029,2025,4,2426.0,1.1432
Sutton,E09000029,2025,5,2611.0,1.2304
Sutton,E09000029,2025,6,2603.0,1.2266
Sutton,E09000029,2025,7,2791.0,1.3152
Sutton,E09000029,2025,8,2897.0,1.3652
Sutton,E09000029,2025,9,2945.0,1.3878
Sutton,E09000029,2025,10,3065.0,1.4444
Sutton,E09000029,2025,11,3080.0,1.4514
Sutton,E09000029,2025,12,3076.0,1.4495
Sutton,E09000029,2025,13,3233.0,1.5235
Sutton,E09000029,2025,14,3234.0,1.524
Sutton,E09000029,2025,15,3071.0,1.4472
Sutton,E09000029,2025,16,2971.0,1.4001
Sutton,E09000029,2025,17,2838.0,1.3374
Sutton,E09000029,2025,18,2515.0,1.1852
Sutton,E09000029,2025,19,1684.0,0.7936
Sutton,E09000029,2025,20,1571.0,0.7403
Sutton,E09000029,2025,21,1553.0,0.7318
Sutton,E09000029,2025,22,1810.0,0.8529
Sutton,E09000029,2025,23,2111.0,0.9948
Sutton,E09000029,2025,24,2251.0,1.0608
Sutton,E09000029,2025,25,2367.0,1.1154
Sutton,E09000029,2025,26,2403.0,1.1324
Sutton,E09000029,2025,27,2448.0,1.1536
Sutton,E09000029,2025,28,2497.0,1.1767
Sutton,E09000029,2025,29,2442.0,1.1508
Sutton,E09000029,2025,30,2345.0,1.1051
Sutton,E09000029,2025,31,2637.0,1.2427
Sutton,E09000029,2025,32,2499.0,1.1776
Sutton,E09000029,2025,33,2834.0,1.3355
Sutton,E09000029,2025,34,2811.0,1.3247
Sutton,E09000029,2025,35,3014.0,1.4203
Sutton,E09000029,2025,36,3134.0,1.4769
Sutton,E09000029,2025,37,3268.0,1.54
Sutton,E09000029,2025,38,3230.0,1.5221
Sutton,E09000029,2025,39,3456.0,1.6286
Sutton,E09000029,2025,40,3475.0,1.6376
Sutton,E09000029,2025,41,3400.0,1.6022
Sutton,E09000029,2025,42,3675.0,1.7318
Sutton,E09000029,2025,43,3723.0,1.7544
Sutton,E09000029,2025,44,3828.0,1.8039
Sutton,E09000029,2025,45,3714.0,1.7502
Sutton,E09000029,2025,46,3656.0,1.7229
Sutton,E09000029,2025,47,3428.0,1.6154
Sutton,E09000029,2025,48,3262.0,1.5372
Sutton,E09000029,2025,49,3087.0,1.4547
Sutton,E09000029,2025,50,3130.0,1.475
Sutton,E09000029,2025,51,3016.0,1.4213
Sutton,E09000029,2025,52,2912.0,1.3723
Sutton,E09000029,2025,53,3026.0,1.426
Sutton,E09000029,2025,54,2952.0,1.3911
Sutton,E09000029,2025,55,2840.0,1.3383
Sutton,E09000029,2025,56,2717.0,1.2804
Sutton,E09000029,2025,57,2752.0,1.2969
Sutton,E09000029,2025,58,2699.0,1.2719
Sutton,E09000029,2025,59,2696.0,1.2705
Sutton,E09000029,2025,60,2688.0,1.2667
Sutton,E09000029,2025,61,2501.0,1.1786
Sutton,E09000029,2025,62,2441.0,1.1503
Sutton,E09000029,2025,63,2266.0,1.0678
Sutton,E09000029,2025,64,2150.0,1.0132
Sutton,E09000029,2025,65,2104.0,0.9915
Sutton,E09000029,2025,66,1984.0,0.9349
Sutton,E09000029,2025,67,1817.0,0.8562
Sutton,E09000029,2025,68,1766.0,0.8322
Sutton,E09000029,2025,69,1724.0,0.8124
Sutton,E09000029,2025,70,1618.0,0.7625
Sutton,E09000029,2025,71,1637.0,0.7714
Sutton,E09000029,2025,72,1522.0,0.7172
Sutton,E09000029,2025,73,1421.0,0.6696
Sutton,E09000029,2025,74,1412.0,0.6654
Sutton,E09000029,2025,75,1388.0,0.6541
Sutton,E09000029,2025,76,1406.0,0.6626
Sutton,E09000029,2025,77,1464.0,0.6899
Sutton,E09000029,2025,78,1690.0,0.7964
Sutton,E09000029,2025,79,1241.0,0.5848
Sutton,E09000029,2025,80,1109.0,0.5226
Sutton,E09000029,2025,81,1018.0,0.4797
Sutton,E09000029,2025,82,955.0,0.45
Sutton,E09000029,2025,83,807.0,0.3803
Sutton,E09000029,2025,84,700.0,0.3299
Sutton,E09000029,2025,85,712.0,0.3355
Sutton,E09000029,2025,86,688.0,0.3242
Sutton,E09000029,2025,87,591.0,0.2785
Sutton,E09000029,2025,88,519.0,0.2446
Sutton,E09000029,2025,89,470.0,0.2215
Sutton,E09000029,2025,90,0,0.0
Tower Hamlets,E09000030,2025,0,4355.0,1.306
Tower Hamlets,E09000030,2025,1,4113.0,1.2334
Tower Hamlets,E09000030,2025,2,3489.0,1.0463
Tower Hamlets,E09000030,2025,3,3540.0,1.0616
Tower Hamlets,E09000030,2025,4,3108.0,0.932
Tower Hamlets,E09000030,2025,5,3041.0,0.912
Tower Hamlets,E09000030,2025,6,2972.0,0.8913
Tower Hamlets,E09000030,2025,7,3011.0,0.903
Tower Hamlets,E09000030,2025,8,3336.0,1.0004
Tower Hamlets,E09000030,2025,9,3259.0,0.9773
Tower Hamlets,E09000030,2025,10,3116.0,0.9344
Tower Hamlets,E09000030,2025,11,3063.0,0.9185
Tower Hamlets,E09000030,2025,12,3115.0,0.9341
Tower Hamlets,E09000030,2025,13,3371.0,1.0109
Tower Hamlets,E09000030,2025,14,3138.0,0.941
Tower Hamlets,E09000030,2025,15,3282.0,0.9842
Tower Hamlets,E09000030,2025,16,3273.0,0.9815
Tower Hamlets,E09000030,2025,17,3388.0,1.016
Tower Hamlets,E09000030,2025,18,3830.0,1.1486
Tower Hamlets,E09000030,2025,19,4924.0,1.4766
Tower Hamlets,E09000030,2025,20,6033.0,1.8092
Tower Hamlets,E09000030,2025,21,6862.0,2.0578
Tower Hamlets,E09000030,2025,22,7578.0,2.2725
Tower Hamlets,E09000030,2025,23,8961.0,2.6873
Tower Hamlets,E09000030,2025,24,9421.0,2.8252
Tower Hamlets,E09000030,2025,25,10240.0,3.0708
Tower Hamlets,E09000030,2025,26,10643.0,3.1917
Tower Hamlets,E09000030,2025,27,10710.0,3.2118
Tower Hamlets,E09000030,2025,28,10738.0,3.2202
Tower Hamlets,E09000030,2025,29,9975.0,2.9914
Tower Hamlets,E09000030,2025,30,9554.0,2.8651
Tower Hamlets,E09000030,2025,31,8871.0,2.6603
Tower Hamlets,E09000030,2025,32,7838.0,2.3505
Tower Hamlets,E09000030,2025,33,7686.0,2.3049
Tower Hamlets,E09000030,2025,34,7350.0,2.2042
Tower Hamlets,E09000030,2025,35,6857.0,2.0563
Tower Hamlets,E09000030,2025,36,6355.0,1.9058
Tower Hamlets,E09000030,2025,37,6246.0,1.8731
Tower Hamlets,E09000030,2025,38,5660.0,1.6973
Tower Hamlets,E09000030,2025,39,5373.0,1.6113
Tower Hamlets,E09000030,2025,40,5108.0,1.5318
Tower Hamlets,E09000030,2025,41,4993.0,1.4973
Tower Hamlets,E09000030,2025,42,4608.0,1.3819
Tower Hamlets,E09000030,2025,43,4620.0,1.3855
Tower Hamlets,E09000030,2025,44,4501.0,1.3498
Tower Hamlets,E09000030,2025,45,4403.0,1.3204
Tower Hamlets,E09000030,2025,46,3991.0,1.1968
Tower Hamlets,E09000030,2025,47,3761.0,1.1279
Tower Hamlets,E09000030,2025,48,3812.0,1.1432
Tower Hamlets,E09000030,2025,49,3613.0,1.0835
Tower Hamlets,E09000030,2025,50,3504.0,1.0508
Tower Hamlets,E09000030,2025,51,3447.0,1.0337
Tower Hamlets,E09000030,2025,52,3171.0,0.9509
Tower Hamlets,E09000030,2025,53,2963.0,0.8886
Tower Hamlets,E09000030,2025,54,2828.0,0.8481
Tower Hamlets,E09000030,2025,55,2756.0,0.8265
Tower Hamlets,E09000030,2025,56,2710.0,0.8127
Tower Hamlets,E09000030,2025,57,2738.0,0.8211
Tower Hamlets,E09000030,2025,58,2514.0,0.7539
Tower Hamlets,E09000030,2025,59,2239.0,0.6714
Tower Hamlets,E09000030,2025,60,2121.0,0.6361
Tower Hamlets,E09000030,2025,61,2221.0,0.666
Tower Hamlets,E09000030,2025,62,2015.0,0.6043
Tower Hamlets,E09000030,2025,63,1906.0,0.5716
Tower Hamlets,E09000030,2025,64,1705.0,0.5113
Tower Hamlets,E09000030,2025,65,1682.0,0.5044
Tower Hamlets,E09000030,2025,66,1519.0,0.4555
Tower Hamlets,E09000030,2025,67,1477.0,0.4429
Tower Hamlets,E09000030,2025,68,1495.0,0.4483
Tower Hamlets,E09000030,2025,69,1293.0,0.3878
Tower Hamlets,E09000030,2025,70,1159.0,0.3476
Tower Hamlets,E09000030,2025,71,1039.0,0.3116
Tower Hamlets,E09000030,2025,72,1051.0,0.3152
Tower Hamlets,E09000030,2025,73,995.0,0.2984
Tower Hamlets,E09000030,2025,74,884.0,0.2651
Tower Hamlets,E09000030,2025,75,821.0,0.2462
Tower Hamlets,E09000030,2025,76,755.0,0.2264
Tower Hamlets,E09000030,2025,77,692.0,0.2075
Tower Hamlets,E09000030,2025,78,667.0,0.2
Tower Hamlets,E09000030,2025,79,589.0,0.1766
Tower Hamlets,E09000030,2025,80,502.0,0.1505
Tower Hamlets,E09000030,2025,81,435.0,0.1305
Tower Hamlets,E09000030,2025,82,417.0,0.1251
Tower Hamlets,E09000030,2025,83,369.0,0.1107
Tower Hamlets,E09000030,2025,84,375.0,0.1125
Tower Hamlets,E09000030,2025,85,336.0,0.1008
Tower Hamlets,E09000030,2025,86,290.0,0.087
Tower Hamlets,E09000030,2025,87,235.0,0.0705
Tower Hamlets,E09000030,2025,88,260.0,0.078
Tower Hamlets,E09000030,2025,89,201.0,0.0603
Tower Hamlets,E09000030,2025,90,0,0.0
Waltham Forest,E09000031,2025,0,3650.0,1.2925
Waltham Forest,E09000031,2025,1,3718.0,1.3166
Waltham Forest,E09000031,2025,2,3630.0,1.2855
Waltham Forest,E09000031,2025,3,3775.0,1.3368
Waltham Forest,E09000031,2025,4,3365.0,1.1916
Waltham Forest,E09000031,2025,5,3351.0,1.1867
Waltham Forest,E09000031,2025,6,3408.0,1.2068
Waltham Forest,E09000031,2025,7,3115.0,1.1031
Waltham Forest,E09000031,2025,8,3293.0,1.1661
Waltham Forest,E09000031,2025,9,3322.0,1.1764
Waltham Forest,E09000031,2025,10,3180.0,1.1261
Waltham Forest,E09000031,2025,11,3153.0,1.1165
Waltham Forest,E09000031,2025,12,3152.0,1.1162
Waltham Forest,E09000031,2025,13,3279.0,1.1612
Waltham Forest,E09000031,2025,14,3195.0,1.1314
Waltham Forest,E09000031,2025,15,3155.0,1.1173
Waltham Forest,E09000031,2025,16,3268.0,1.1573
Waltham Forest,E09000031,2025,17,3147.0,1.1144
Waltham Forest,E09000031,2025,18,3043.0,1.0776
Waltham Forest,E09000031,2025,19,2522.0,0.8931
Waltham Forest,E09000031,2025,20,2615.0,0.926
Waltham Forest,E09000031,2025,21,2776.0,0.983
Waltham Forest,E09000031,2025,22,3378.0,1.1962
Waltham Forest,E09000031,2025,23,3631.0,1.2858
Waltham Forest,E09000031,2025,24,3770.0,1.335
Waltham Forest,E09000031,2025,25,4048.0,1.4335
Waltham Forest,E09000031,2025,26,4182.0,1.4809
Waltham Forest,E09000031,2025,27,4371.0,1.5479
Waltham Forest,E09000031,2025,28,4646.0,1.6452
Waltham Forest,E09000031,2025,29,4877.0,1.7271
Waltham Forest,E09000031,2025,30,4882.0,1.7288
Waltham Forest,E09000031,2025,31,5334.0,1.8889
Waltham Forest,E09000031,2025,32,5268.0,1.8655
Waltham Forest,E09000031,2025,33,5653.0,2.0018
Waltham Forest,E09000031,2025,34,5931.0,2.1003
Waltham Forest,E09000031,2025,35,5895.0,2.0875
Waltham Forest,E09000031,2025,36,5650.0,2.0008
Waltham Forest,E09000031,2025,37,5761.0,2.0401
Waltham Forest,E09000031,2025,38,5702.0,2.0192
Waltham Forest,E09000031,2025,39,5397.0,1.9112
Waltham Forest,E09000031,2025,40,5191.0,1.8382
Waltham Forest,E09000031,2025,41,5200.0,1.8414
Waltham Forest,E09000031,2025,42,4935.0,1.7476
Waltham Forest,E09000031,2025,43,4802.0,1.7005
Waltham Forest,E09000031,2025,44,4553.0,1.6123
Waltham Forest,E09000031,2025,45,4516.0,1.5992
Waltham Forest,E09000031,2025,46,4164.0,1.4746
Waltham Forest,E09000031,2025,47,4298.0,1.522
Waltham Forest,E09000031,2025,48,3852.0,1.3641
Waltham Forest,E09000031,2025,49,3878.0,1.3733
Waltham Forest,E09000031,2025,50,3798.0,1.345
Waltham Forest,E09000031,2025,51,3491.0,1.2362
Waltham Forest,E09000031,2025,52,3416.0,1.2097
Waltham Forest,E09000031,2025,53,3462.0,1.226
Waltham Forest,E09000031,2025,54,3576.0,1.2663
Waltham Forest,E09000031,2025,55,3348.0,1.1856
Waltham Forest,E09000031,2025,56,3293.0,1.1661
Waltham Forest,E09000031,2025,57,3208.0,1.136
Waltham Forest,E09000031,2025,58,3117.0,1.1038
Waltham Forest,E09000031,2025,59,3189.0,1.1293
Waltham Forest,E09000031,2025,60,2898.0,1.0262
Waltham Forest,E09000031,2025,61,2965.0,1.05
Waltham Forest,E09000031,2025,62,2783.0,0.9855
Waltham Forest,E09000031,2025,63,2545.0,0.9012
Waltham Forest,E09000031,2025,64,2409.0,0.8531
Waltham Forest,E09000031,2025,65,2433.0,0.8616
Waltham Forest,E09000031,2025,66,2204.0,0.7805
Waltham Forest,E09000031,2025,67,1932.0,0.6842
Waltham Forest,E09000031,2025,68,1834.0,0.6495
Waltham Forest,E09000031,2025,69,1776.0,0.6289
Waltham Forest,E09000031,2025,70,1699.0,0.6017
Waltham Forest,E09000031,2025,71,1558.0,0.5517
Waltham Forest,E09000031,2025,72,1507.0,0.5337
Waltham Forest,E09000031,2025,73,1466.0,0.5191
Waltham Forest,E09000031,2025,74,1389.0,0.4919
Waltham Forest,E09000031,2025,75,1231.0,0.4359
Waltham Forest,E09000031,2025,76,1182.0,0.4186
Waltham Forest,E09000031,2025,77,1226.0,0.4342
Waltham Forest,E09000031,2025,78,1236.0,0.4377
Waltham Forest,E09000031,2025,79,1031.0,0.3651
Waltham Forest,E09000031,2025,80,849.0,0.3006
Waltham Forest,E09000031,2025,81,849.0,0.3006
Waltham Forest,E09000031,2025,82,819.0,0.29
Waltham Forest,E09000031,2025,83,705.0,0.2497
Waltham Forest,E09000031,2025,84,538.0,0.1905
Waltham Forest,E09000031,2025,85,610.0,0.216
Waltham Forest,E09000031,2025,86,585.0,0.2072
Waltham Forest,E09000031,2025,87,517.0,0.1831
Waltham Forest,E09000031,2025,88,467.0,0.1654
Waltham Forest,E09000031,2025,89,371.0,0.1314
Waltham Forest,E09000031,2025,90,0,0.0
Wandsworth,E09000032,2025,0,3815.0,1.1282
Wandsworth,E09000032,2025,1,3632.0,1.0741
Wandsworth,E09000032,2025,2,3488.0,1.0315
Wandsworth,E09000032,2025,3,3392.0,1.0031
Wandsworth,E09000032,2025,4,3279.0,0.9697
Wandsworth,E09000032,2025,5,3151.0,0.9318
Wandsworth,E09000032,2025,6,3188.0,0.9428
Wandsworth,E09000032,2025,7,3009.0,0.8898
Wandsworth,E09000032,2025,8,3079.0,0.9105
Wandsworth,E09000032,2025,9,3039.0,0.8987
Wandsworth,E09000032,2025,10,3117.0,0.9218
Wandsworth,E09000032,2025,11,2970.0,0.8783
Wandsworth,E09000032,2025,12,3011.0,0.8904
Wandsworth,E09000032,2025,13,3014.0,0.8913
Wandsworth,E09000032,2025,14,2772.0,0.8197
Wandsworth,E09000032,2025,15,2853.0,0.8437
Wandsworth,E09000032,2025,16,2815.0,0.8325
Wandsworth,E09000032,2025,17,2792.0,0.8257
Wandsworth,E09000032,2025,18,2778.0,0.8215
Wandsworth,E09000032,2025,19,2454.0,0.7257
Wandsworth,E09000032,2025,20,2655.0,0.7851
Wandsworth,E09000032,2025,21,3493.0,1.033
Wandsworth,E09000032,2025,22,4579.0,1.3541
Wandsworth,E09000032,2025,23,5958.0,1.7619
Wandsworth,E09000032,2025,24,7689.0,2.2738
Wandsworth,E09000032,2025,25,8965.0,2.6512
Wandsworth,E09000032,2025,26,10668.0,3.1548
Wandsworth,E09000032,2025,27,10911.0,3.2267
Wandsworth,E09000032,2025,28,11515.0,3.4053
Wandsworth,E09000032,2025,29,11118.0,3.2879
Wandsworth,E09000032,2025,30,10502.0,3.1057
Wandsworth,E09000032,2025,31,9373.0,2.7718
Wandsworth,E09000032,2025,32,8547.0,2.5276
Wandsworth,E09000032,2025,33,7904.0,2.3374
Wandsworth,E09000032,2025,34,7161.0,2.1177
Wandsworth,E09000032,2025,35,6144.0,1.8169
Wandsworth,E09000032,2025,36,5910.0,1.7477
Wandsworth,E09000032,2025,37,5558.0,1.6436
Wandsworth,E09000032,2025,38,5149.0,1.5227
Wandsworth,E09000032,2025,39,5008.0,1.481
Wandsworth,E09000032,2025,40,4814.0,1.4236
Wandsworth,E09000032,2025,41,4584.0,1.3556
Wandsworth,E09000032,2025,42,4415.0,1.3056
Wandsworth,E09000032,2025,43,4455.0,1.3175
Wandsworth,E09000032,2025,44,4509.0,1.3334
Wandsworth,E09000032,2025,45,4586.0,1.3562
Wandsworth,E09000032,2025,46,4292.0,1.2693
Wandsworth,E09000032,2025,47,4052.0,1.1983
Wandsworth,E09000032,2025,48,4095.0,1.211
Wandsworth,E09000032,2025,49,3912.0,1.1569
Wandsworth,E09000032,2025,50,3929.0,1.1619
Wandsworth,E09000032,2025,51,3647.0,1.0785
Wandsworth,E09000032,2025,52,3787.0,1.1199
Wandsworth,E09000032,2025,53,3819.0,1.1294
Wandsworth,E09000032,2025,54,3615.0,1.069
Wandsworth,E09000032,2025,55,3711.0,1.0974
Wandsworth,E09000032,2025,56,3659.0,1.0821
Wandsworth,E09000032,2025,57,3507.0,1.0371
Wandsworth,E09000032,2025,58,3324.0,0.983
Wandsworth,E09000032,2025,59,3487.0,1.0312
Wandsworth,E09000032,2025,60,3127.0,0.9247
Wandsworth,E09000032,2025,61,3044.0,0.9002
Wandsworth,E09000032,2025,62,2885.0,0.8532
Wandsworth,E09000032,2025,63,2748.0,0.8127
Wandsworth,E09000032,2025,64,2637.0,0.7798
Wandsworth,E09000032,2025,65,2467.0,0.7296
Wandsworth,E09000032,2025,66,2196.0,0.6494
Wandsworth,E09000032,2025,67,2067.0,0.6113
Wandsworth,E09000032,2025,68,1981.0,0.5858
Wandsworth,E09000032,2025,69,1879.0,0.5557
Wandsworth,E09000032,2025,70,1649.0,0.4877
Wandsworth,E09000032,2025,71,1650.0,0.4879
Wandsworth,E09000032,2025,72,1655.0,0.4894
Wandsworth,E09000032,2025,73,1575.0,0.4658
Wandsworth,E09000032,2025,74,1538.0,0.4548
Wandsworth,E09000032,2025,75,1423.0,0.4208
Wandsworth,E09000032,2025,76,1468.0,0.4341
Wandsworth,E09000032,2025,77,1379.0,0.4078
Wandsworth,E09000032,2025,78,1479.0,0.4374
Wandsworth,E09000032,2025,79,1185.0,0.3504
Wandsworth,E09000032,2025,80,1047.0,0.3096
Wandsworth,E09000032,2025,81,994.0,0.294
Wandsworth,E09000032,2025,82,983.0,0.2907
Wandsworth,E09000032,2025,83,826.0,0.2443
Wandsworth,E09000032,2025,84,686.0,0.2029
Wandsworth,E09000032,2025,85,731.0,0.2162
Wandsworth,E09000032,2025,86,636.0,0.1881
Wandsworth,E09000032,2025,87,593.0,0.1754
Wandsworth,E09000032,2025,88,522.0,0.1544
Wandsworth,E09000032,2025,89,448.0,0.1325
Wandsworth,E09000032,2025,90,0,0.0
Westminster,E09000033,2025,0,1952.0,0.9246
Westminster,E09000033,2025,1,1811.0,0.8578
Westminster,E09000033,2025,2,1850.0,0.8763
Westminster,E09000033,2025,3,1848.0,0.8753
Westminster,E09000033,2025,4,1540.0,0.7294
Westminster,E09000033,2025,5,1417.0,0.6712
Westminster,E09000033,2025,6,1322.0,0.6262
Westminster,E09000033,2025,7,1269.0,0.6011
Westminster,E09000033,2025,8,1379.0,0.6532
Westminster,E09000033,2025,9,1371.0,0.6494
Westminster,E09000033,2025,10,1359.0,0.6437
Westminster,E09000033,2025,11,1290.0,0.611
Westminster,E09000033,2025,12,1348.0,0.6385
Westminster,E09000033,2025,13,1462.0,0.6925
Westminster,E09000033,2025,14,1453.0,0.6882
Westminster,E09000033,2025,15,1471.0,0.6968
Westminster,E09000033,2025,16,1496.0,0.7086
Westminster,E09000033,2025,17,1566.0,0.7417
Westminster,E09000033,2025,18,2106.0,0.9975
Westminster,E09000033,2025,19,3240.0,1.5347
Westminster,E09000033,2025,20,3452.0,1.6351
Westminster,E09000033,2025,21,3832.0,1.8151
Westminster,E09000033,2025,22,4456.0,2.1106
Westminster,E09000033,2025,23,4439.0,2.1026
Westminster,E09000033,2025,24,4926.0,2.3332
Westminster,E09000033,2025,25,5595.0,2.6501
Westminster,E09000033,2025,26,5735.0,2.7164
Westminster,E09000033,2025,27,5543.0,2.6255
Westminster,E09000033,2025,28,5631.0,2.6672
Westminster,E09000033,2025,29,5410.0,2.5625
Westminster,E09000033,2025,30,5037.0,2.3858
Westminster,E09000033,2025,31,4668.0,2.211
Westminster,E09000033,2025,32,4436.0,2.1011
Westminster,E09000033,2025,33,4103.0,1.9434
Westminster,E09000033,2025,34,3741.0,1.772
Westminster,E09000033,2025,35,3679.0,1.7426
Westminster,E09000033,2025,36,3470.0,1.6436
Westminster,E09000033,2025,37,3278.0,1.5526
Westminster,E09000033,2025,38,3113.0,1.4745
Westminster,E09000033,2025,39,2855.0,1.3523
Westminster,E09000033,2025,40,2836.0,1.3433
Westminster,E09000033,2025,41,2623.0,1.2424
Westminster,E09000033,2025,42,2510.0,1.1889
Westminster,E09000033,2025,43,2736.0,1.2959
Westminster,E09000033,2025,44,2458.0,1.1643
Westminster,E09000033,2025,45,2642.0,1.2514
Westminster,E09000033,2025,46,2372.0,1.1235
Westminster,E09000033,2025,47,2547.0,1.2064
Westminster,E09000033,2025,48,2647.0,1.2538
Westminster,E09000033,2025,49,2424.0,1.1481
Westminster,E09000033,2025,50,2546.0,1.2059
Westminster,E09000033,2025,51,2653.0,1.2566
Westminster,E09000033,2025,52,2688.0,1.2732
Westminster,E09000033,2025,53,2747.0,1.3011
Westminster,E09000033,2025,54,2683.0,1.2708
Westminster,E09000033,2025,55,2726.0,1.2912
Westminster,E09000033,2025,56,2858.0,1.3537
Westminster,E09000033,2025,57,2944.0,1.3944
Westminster,E09000033,2025,58,2879.0,1.3637
Westminster,E09000033,2025,59,2612.0,1.2372
Westminster,E09000033,2025,60,2648.0,1.2542
Westminster,E09000033,2025,61,2360.0,1.1178
Westminster,E09000033,2025,62,2313.0,1.0956
Westminster,E09000033,2025,63,2221.0,1.052
Westminster,E09000033,2025,64,2102.0,0.9956
Westminster,E09000033,2025,65,1984.0,0.9397
Westminster,E09000033,2025,66,1770.0,0.8384
Westminster,E09000033,2025,67,1725.0,0.8171
Westminster,E09000033,2025,68,1554.0,0.7361
Westminster,E09000033,2025,69,1549.0,0.7337
Westminster,E09000033,2025,70,1381.0,0.6541
Westminster,E09000033,2025,71,1336.0,0.6328
Westminster,E09000033,2025,72,1273.0,0.603
Westminster,E09000033,2025,73,1300.0,0.6158
Westminster,E09000033,2025,74,1234.0,0.5845
Westminster,E09000033,2025,75,1120.0,0.5305
Westminster,E09000033,2025,76,1152.0,0.5457
Westminster,E09000033,2025,77,1137.0,0.5385
Westminster,E09000033,2025,78,1047.0,0.4959
Westminster,E09000033,2025,79,912.0,0.432
Westminster,E09000033,2025,80,904.0,0.4282
Westminster,E09000033,2025,81,790.0,0.3742
Westminster,E09000033,2025,82,755.0,0.3576
Westminster,E09000033,2025,83,648.0,0.3069
Westminster,E09000033,2025,84,556.0,0.2634
Westminster,E09000033,2025,85,524.0,0.2482
Westminster,E09000033,2025,86,515.0,0.2439
Westminster,E09000033,2025,87,519.0,0.2458
Westminster,E09000033,2025,88,364.0,0.1724
Westminster,E09000033,2025,89,350.0,0.1658
Westminster,E09000033,2025,90,0,0.0
